academicYear,universityName,universityType,faculty,departmentName,idOSYM,programType,language,scholarshipRate,quota,occupiedSlots,tuitionFee,universityFoundingYear,facultyFoundingYear,universityLocation,universityRegion,profCount,assoCount,docCount,baseRanking,topRanking,avgAdmissionRanking(TYT),baseAdmissionRanking(TYT),stdDeviationStudents,revenue,outOfCityStudentRate,sameRegionStudentRate,totalPreference,weightedPreference,top1PreferenceRatio,top3PreferenceRatio,top9PreferenceRatio,avgOrderofPreference,tuitionFeeIncrease,avgAdmittedStudentPrefOrder,top1AdmittedRatio,top3AdmittedRatio,top10AdmittedRatio,admittedPrefTrendRatio,admittedGovPref,admittedPrivPref,admittedTotalPref,admittedTotalDepartmentPref,currentStudentCount
2024,KOÃ‡ ÃœNÄ°VERSÄ°TESÄ°,vakýf,Ä°nsani Bilimler ve Edebiyat FakÃ¼ltesi,KarÅŸÄ±laÅŸtÄ±rmalÄ± Edebiyat,203910830,DÄ°L,Ä°ngilizce,100,3,3,,,,Ä°STANBUL ,,---,2,3,389,66,9.692,18.146,,,"% 75,0",,171,,"% 53,2","% 62,0","% 80,7","4,8",,"1,0","% 100,0","% 100,0","% 100,0",,34,7,41,3,19
2024,Ä°HSAN DOÄžRAMACI BÄ°LKENT ÃœNÄ°VERSÄ°TESÄ°,vakýf,Ä°nsani Bilimler ve Edebiyat FakÃ¼ltesi,"Ä°ngilizce, FransÄ±zca MÃ¼tercim ve TercÃ¼manlÄ±k",202190179,DÄ°L,,100,7,7,,,,ANKARA,Ä°Ã§ Anadolu,---,1,2,791,120,24.535,41.499,,,"% 88,9","% 22,2",361,,"% 49,3","% 69,3","% 87,5","4,1",,"1,1","% 88,9","% 100,0","% 100,0",,31,18,49,8,26
2024,Ä°HSAN DOÄžRAMACI BÄ°LKENT ÃœNÄ°VERSÄ°TESÄ°,vakýf,Ä°nsani Bilimler ve Edebiyat FakÃ¼ltesi,Ä°ngiliz Dili ve EdebiyatÄ±,202110938,DÄ°L,Ä°ngilizce,100,7,7,,,,ANKARA,Ä°Ã§ Anadolu,---,---,11,1.707,179,34.305,76.357,,,"% 77,8","% 22,2",367,,"% 25,1","% 60,2","% 88,0","4,6",,"1,7","% 77,8","% 88,9","% 100,0",,21,21,42,16,30
2024,Ä°HSAN DOÄžRAMACI BÄ°LKENT ÃœNÄ°VERSÄ°TESÄ°,vakýf,Ä°nsani Bilimler ve Edebiyat FakÃ¼ltesi,Amerikan KÃ¼ltÃ¼rÃ¼ ve EdebiyatÄ±,202110902,DÄ°L,Ä°ngilizce,100,5,5,,,,ANKARA,Ä°Ã§ Anadolu,---,1,9,2.067,932,59.502,83.734,,,"% 28,6","% 71,4",203,,"% 8,9","% 52,2","% 86,2","5,3",,"2,9","% 14,3","% 85,7","% 100,0",,31,24,55,7,22
2024,YEDÄ°TEPE ÃœNÄ°VERSÄ°TESÄ°,vakýf,Fen-Edebiyat FakÃ¼ltesi,Ã‡eviribilimi,206190363,DÄ°L,Ä°ngilizce,100,11,11,,,,Ä°STANBUL ,,1,---,4,2.858,1.696,71.687,131.896,,,"% 61,5",,339,,"% 10,3","% 43,1","% 89,7","5,0",,"2,9","% 23,1","% 76,9","% 100,0",,39,27,66,18,63
2024,TOBB EKONOMÄ° VE TEKNOLOJÄ° ÃœNÄ°VERSÄ°TESÄ°,vakýf,Fen-Edebiyat FakÃ¼ltesi,Ä°ngiliz Dili ve EdebiyatÄ±,205410486,DÄ°L,Ä°ngilizce,100,5,5,,,,ANKARA ,,---,---,4,3.304,2.919,115.436,242.507,,,"% 71,4",,198,,"% 7,1","% 29,3","% 74,7","7,0",,"4,1","% 28,6","% 57,1","% 100,0",,13,19,32,17,19
2024,Ä°ZMÄ°R EKONOMÄ° ÃœNÄ°VERSÄ°TESÄ°,vakýf,Fen-Edebiyat FakÃ¼ltesi,Ä°ngilizce MÃ¼tercim ve TercÃ¼manlÄ±k,203590168,DÄ°L,,100,9,9,,,,Ä°ZMÄ°R,Ege,2,---,2,3.822,1.562,88.381,136.074,,,"% 45,5","% 54,5",251,,"% 19,5","% 45,8","% 85,7","5,2",,"2,1","% 63,6","% 81,8","% 100,0",,41,24,65,22,41
2024,YEDÄ°TEPE ÃœNÄ°VERSÄ°TESÄ°,vakýf,EÄŸitim FakÃ¼ltesi,Ä°ngilizce Ã–ÄŸretmenliÄŸi,206110062,DÄ°L,Ä°ngilizce,100,7,7,,,,Ä°STANBUL ,,1,1,5,3.844,3.416,125.053,149.116,,,"% 44,4",,331,,"% 8,8","% 29,3","% 76,4","6,8",,"4,1","% 11,1","% 55,6","% 100,0",,41,20,61,31,37
2024,YEDÄ°TEPE ÃœNÄ°VERSÄ°TESÄ°,vakýf,Fen-Edebiyat FakÃ¼ltesi,Ä°ngiliz Dili ve EdebiyatÄ±,206110202,DÄ°L,Ä°ngilizce,100,9,9,,,,Ä°STANBUL ,,4,1,4,3.943,332,96.557,149.772,,,"% 54,5",,390,,"% 8,5","% 33,1","% 80,3","6,4",,"3,8","% 27,3","% 36,4","% 100,0",,30,32,62,16,45
2024,Ä°STANBUL BÄ°LGÄ° ÃœNÄ°VERSÄ°TESÄ°,vakýf,Sosyal ve BeÅŸeri Bilimler FakÃ¼ltesi,KarÅŸÄ±laÅŸtÄ±rmalÄ± Edebiyat,202510061,DÄ°L,Ä°ngilizce,100,4,4,,,,Ä°STANBUL,Marmara,---,2,2,4.729,3.807,146.158,181.641,,,"% 40,0","% 60,0",75,,"% 12,0","% 40,0","% 85,3","5,6",,"4,6","% 0,0","% 20,0","% 100,0",,22,13,35,5,24
2024,BAHÃ‡EÅžEHÄ°R ÃœNÄ°VERSÄ°TESÄ°,vakýf,"Ä°ktisadi, Ä°dari ve Sosyal Bilimler FakÃ¼ltesi",Ä°ngilizce MÃ¼tercim ve TercÃ¼manlÄ±k,200590250,DÄ°L,,100,4,4,,,,Ä°STANBUL ,,---,1,5,5.239,4.131,125.506,192.897,,,"% 33,3",,1.469,,"% 25,2","% 48,5","% 82,8","5,3",,"6,2","% 16,7","% 33,3","% 100,0",,45,14,59,13,
2024,KOÃ‡ ÃœNÄ°VERSÄ°TESÄ°,vakýf,Ä°nsani Bilimler ve Edebiyat FakÃ¼ltesi,KarÅŸÄ±laÅŸtÄ±rmalÄ± Edebiyat,203910831,DÄ°L,Ä°ngilizce,50,3,3,,,,Ä°STANBUL ,,---,---,---,5.54,3.087,127.117,144.399,,,"% 33,3",,25,,"% 8,0","% 40,0","% 84,0","5,9",,"3,0","% 0,0","% 66,7","% 100,0",,14,10,24,4,14
2024,TED ÃœNÄ°VERSÄ°TESÄ°,vakýf,EÄŸitim FakÃ¼ltesi,Ä°ngilizce Ã–ÄŸretmenliÄŸi,206710232,DÄ°L,Ä°ngilizce,100,7,7,,,,ANKARA ,,2,4,3,5.544,4.065,151.966,191.304,,,"% 66,7",,271,,"% 8,9","% 30,3","% 77,1","6,6",,"4,3","% 11,1","% 44,4","% 88,9",,54,20,74,42,32
2024,Ä°STANBUL BÄ°LGÄ° ÃœNÄ°VERSÄ°TESÄ°,vakýf,Sosyal ve BeÅŸeri Bilimler FakÃ¼ltesi,Ä°ngiliz Dili ve EdebiyatÄ±,202590196,DÄ°L,Ä°ngilizce,100,10,10,,,,Ä°STANBUL,Marmara,3,1,---,5.671,4.151,166.015,265.82,,,"% 63,6","% 36,4",277,,"% 6,9","% 23,5","% 76,9","7,0",,"5,5","% 0,0","% 9,1","% 100,0",,53,36,91,34,37
2024,YEDÄ°TEPE ÃœNÄ°VERSÄ°TESÄ°,vakýf,Fen-Edebiyat FakÃ¼ltesi,Rus Dili ve EdebiyatÄ±,206190327,DÄ°L,RusÃ§a,100,4,4,,,,Ä°STANBUL ,,---,---,2,5.699,4.034,157.412,228.232,,,"% 60,0",,140,,"% 13,6","% 32,1","% 66,4","7,8",,"5,4","% 0,0","% 40,0","% 100,0",,19,18,37,4,47
2024,Ä°STANBUL 29 MAYIS ÃœNÄ°VERSÄ°TESÄ°,vakýf,Edebiyat FakÃ¼ltesi,Ä°ngilizce MÃ¼tercim ve TercÃ¼manlÄ±k,202210342,DÄ°L,,100,9,9,,,,Ä°STANBUL,Marmara,1,---,2,6.617,3.383,152.922,234.602,,,"% 70,0","% 60,0",202,,"% 8,4","% 27,7","% 69,3","7,6",,"4,4","% 0,0","% 40,0","% 100,0",,62,33,95,51,10
2024,TED ÃœNÄ°VERSÄ°TESÄ°,vakýf,Fen-Edebiyat FakÃ¼ltesi,Ä°ngiliz Dili ve EdebiyatÄ±,206710437,DÄ°L,Ä°ngilizce,100,8,8,,,,ANKARA ,,---,2,3,6.705,5.252,187.415,310.966,,,"% 70,0",,261,,"% 4,2","% 23,8","% 66,7","8,2",,"6,8","% 0,0","% 20,0","% 90,0",,67,33,100,38,31
2024,BAÅžKENT ÃœNÄ°VERSÄ°TESÄ°,vakýf,Fen-Edebiyat FakÃ¼ltesi,Ä°ngilizce MÃ¼tercim ve TercÃ¼manlÄ±k,200690490,DÄ°L,,100,6,6,,,,ANKARA ,,1,---,3,6.772,3.679,181.365,251.76,,,"% 62,5",,347,,"% 4,9","% 22,8","% 76,7","7,2",,"4,8","% 0,0","% 37,5","% 100,0",,52,29,81,28,21
2024,BAHÃ‡EÅžEHÄ°R ÃœNÄ°VERSÄ°TESÄ°,vakýf,EÄŸitim Bilimleri FakÃ¼ltesi,Ä°ngilizce Ã–ÄŸretmenliÄŸi,200511117,DÄ°L,Ä°ngilizce,100,7,7,,,,Ä°STANBUL ,,1,2,4,6.825,4.947,169.345,226.787,,,"% 33,3",,356,,"% 7,3","% 27,2","% 75,8","6,9",,"5,0","% 11,1","% 22,2","% 100,0",,54,25,79,51,32
2024,YAÅžAR ÃœNÄ°VERSÄ°TESÄ°,vakýf,Ä°nsan ve Toplum Bilimleri FakÃ¼ltesi,Ä°ngilizce MÃ¼tercim ve TercÃ¼manlÄ±k,206090361,DÄ°L,,100,7,7,,,,Ä°ZMÄ°R,Ege,---,---,3,6.959,4.242,218.602,261.333,,,"% 55,6","% 66,7",193,,"% 11,4","% 44,0","% 84,5","5,6",,"3,1","% 11,1","% 77,8","% 100,0",,29,15,44,33,27
2024,Ã‡ANKAYA ÃœNÄ°VERSÄ°TESÄ°,vakýf,Fen-Edebiyat FakÃ¼ltesi,Ä°ngilizce MÃ¼tercim ve TercÃ¼manlÄ±k,201190055,DÄ°L,,100,5,5,,,,ANKARA ,,2,1,1,7.583,5.736,210.109,276.418,,,"% 71,4",,241,,"% 2,5","% 18,3","% 66,0","7,9",,"4,4","% 0,0","% 28,6","% 100,0",,32,21,53,32,31
2024,HALÄ°Ã‡ ÃœNÄ°VERSÄ°TESÄ°,vakýf,Fen-Edebiyat FakÃ¼ltesi,Ä°ngilizce MÃ¼tercim ve TercÃ¼manlÄ±k,201990497,DÄ°L,,100,9,9,,,,Ä°STANBUL,Marmara,---,---,4,7.727,5.815,207.248,371.199,,,"% 54,5","% 72,7",274,,"% 3,6","% 16,1","% 71,9","7,8",,"5,8","% 18,2","% 18,2","% 81,8",,44,54,98,64,37
2024,BAÅžKENT ÃœNÄ°VERSÄ°TESÄ°,vakýf,EÄŸitim FakÃ¼ltesi,Ä°ngilizce Ã–ÄŸretmenliÄŸi,200611222,DÄ°L,,100,7,7,,,,ANKARA ,,---,2,4,8.253,6.03,227.39,311.396,,,"% 44,4",,272,,"% 4,4","% 19,1","% 69,5","7,7",,"6,0","% 0,0","% 22,2","% 100,0",,64,14,78,55,24
2024,Ä°STANBUL MEDÄ°POL ÃœNÄ°VERSÄ°TESÄ°,vakýf,EÄŸitim FakÃ¼ltesi,Ä°ngilizce Ã–ÄŸretmenliÄŸi,203111263,DÄ°L,Ä°ngilizce,100,7,7,,,,Ä°STANBUL,Marmara,---,2,3,9.232,6.621,261.275,387.542,,,"% 77,8","% 22,2",410,,"% 7,3","% 26,8","% 70,7","7,3",,"5,9","% 0,0","% 44,4","% 88,9",,60,24,84,62,37
2024,Ä°STANBUL OKAN ÃœNÄ°VERSÄ°TESÄ°,vakýf,Ä°nsan ve Toplum Bilimleri FakÃ¼ltesi,Ã‡ince MÃ¼tercim ve TercÃ¼manlÄ±k,204790531,DÄ°L,,100,6,6,,,,Ä°STANBUL,Marmara,---,---,---,9.37,7.331,238.983,336.72,,,"% 57,1","% 57,1",126,,"% 27,8","% 46,0","% 77,0","6,2",,"4,9","% 14,3","% 14,3","% 100,0",,38,17,55,6,16
2024,Ä°STÄ°NYE ÃœNÄ°VERSÄ°TESÄ°,vakýf,Ä°nsan ve Toplum Bilimleri FakÃ¼ltesi,Ä°ngilizce MÃ¼tercim ve TercÃ¼manlÄ±k,208450826,DÄ°L,,100,7,7,,,,Ä°STANBUL ,,---,---,3,9.762,7.763,221.375,330.206,,,"% 37,5",,230,,"% 2,2","% 14,3","% 62,2","9,0",,"5,6","% 0,0","% 25,0","% 100,0",,40,27,67,45,25
2024,YAÅžAR ÃœNÄ°VERSÄ°TESÄ°,vakýf,Ä°nsan ve Toplum Bilimleri FakÃ¼ltesi,Ä°ngiliz Dili ve EdebiyatÄ±,206010054,DÄ°L,Ä°ngilizce,100,8,8,,,,Ä°ZMÄ°R,Ege,---,---,8,9.876,7.654,289.639,342.66,,,"% 66,7","% 55,6",205,,"% 4,9","% 23,9","% 73,2","7,5",,"6,4","% 0,0","% 33,3","% 88,9",,49,19,68,29,33
2024,ATILIM ÃœNÄ°VERSÄ°TESÄ°,vakýf,Fen-Edebiyat FakÃ¼ltesi,Ä°ngilizce MÃ¼tercim ve TercÃ¼manlÄ±k,200290157,DÄ°L,,100,6,6,,,,ANKARA ,,2,2,2,9.964,8.355,266.032,362.953,,,"% 50,0",,200,,"% 2,0","% 18,0","% 65,5","8,3",,"8,0","% 0,0","% 25,0","% 75,0",,42,45,87,38,26
2024,Ã‡ANKAYA ÃœNÄ°VERSÄ°TESÄ°,vakýf,Fen-Edebiyat FakÃ¼ltesi,Ä°ngiliz Dili ve EdebiyatÄ±,201110023,DÄ°L,Ä°ngilizce,100,6,6,,,,ANKARA ,,2,---,4,10.036,7.751,272.712,368.641,,,"% 37,5",,190,,"% 1,1","% 8,4","% 47,9","10,4",,"6,2","% 12,5","% 37,5","% 87,5",,29,26,55,29,35
2024,BAÅžKENT ÃœNÄ°VERSÄ°TESÄ°,vakýf,Fen-Edebiyat FakÃ¼ltesi,Amerikan KÃ¼ltÃ¼rÃ¼ ve EdebiyatÄ±,200611294,DÄ°L,Ä°ngilizce,100,6,6,,,,ANKARA ,,1,1,7,10.814,6.192,253.598,325.268,,,"% 14,3",,162,,"% 3,1","% 12,3","% 63,0","9,0",,"7,3","% 0,0","% 14,3","% 100,0",,44,28,72,15,22
2024,ANKARA BÄ°LÄ°M ÃœNÄ°VERSÄ°TESÄ°,vakýf,Ä°nsan ve Toplum Bilimleri FakÃ¼ltesi,Ä°ngilizce MÃ¼tercim ve TercÃ¼manlÄ±k,209510036,DÄ°L,,100,6,6,,,,ANKARA,Ä°Ã§ Anadolu,---,1,2,11.9,8.736,302.283,427.416,,,"% 85,7","% 14,3",160,,"% 6,9","% 15,0","% 61,9","8,9",,"10,0","% 0,0","% 14,3","% 57,1",,39,32,71,28,20
2024,Ä°STANBUL SABAHATTÄ°N ZAÄ°M ÃœNÄ°VERSÄ°TESÄ°,vakýf,EÄŸitim FakÃ¼ltesi,Ä°ngilizce Ã–ÄŸretmenliÄŸi,203210025,DÄ°L,,100,8,8,,,,Ä°STANBUL,Marmara,2,2,2,12.158,4.05,229.493,403.917,,,"% 11,1","% 88,9",314,,"% 8,6","% 19,7","% 68,5","8,2",,"3,7","% 11,1","% 44,4","% 100,0",,41,43,85,59,29
2024,Ä°STANBUL AYDIN ÃœNÄ°VERSÄ°TESÄ°,vakýf,EÄŸitim FakÃ¼ltesi,Ä°ngilizce Ã–ÄŸretmenliÄŸi,202410644,DÄ°L,Ä°ngilizce,100,7,7,,,,Ä°STANBUL,Marmara,1,---,4,12.427,9.987,292.249,409.817,,,"% 55,6","% 44,4",414,,"% 6,3","% 20,5","% 70,0","7,9",,"6,4","% 0,0","% 22,2","% 88,9",,55,42,98,79,43
2024,FATÄ°H SULTAN MEHMET VAKIF ÃœNÄ°VERSÄ°TESÄ°,vakýf,Ä°nsan ve Toplum Bilimleri FakÃ¼ltesi,Ä°ngilizce MÃ¼tercim ve TercÃ¼manlÄ±k,201490091,DÄ°L,,100,8,8,,,,Ä°STANBUL ,,---,---,3,12.706,7.238,259.831,454.45,,,"% 44,4",,157,,"% 7,0","% 18,5","% 69,4","8,3",,"7,1","% 0,0","% 22,2","% 88,9",,54,54,108,63,18
2024,Ä°STANBUL OKAN ÃœNÄ°VERSÄ°TESÄ°,vakýf,Ä°nsan ve Toplum Bilimleri FakÃ¼ltesi,Ä°ngilizce MÃ¼tercim ve TercÃ¼manlÄ±k,204790533,DÄ°L,,100,10,10,,,,Ä°STANBUL,Marmara,2,---,1,12.836,8.783,280.541,499.058,,,"% 45,5","% 81,8",194,,"% 5,2","% 21,6","% 61,3","8,5",,"5,5","% 9,1","% 45,5","% 90,9",,50,46,96,54,27
2024,Ä°STANBUL 29 MAYIS ÃœNÄ°VERSÄ°TESÄ°,vakýf,EÄŸitim FakÃ¼ltesi,Ä°ngilizce Ã–ÄŸretmenliÄŸi,202210386,DÄ°L,,100,8,8,,,,Ä°STANBUL,Marmara,---,1,2,12.974,7.027,279.893,393.689,,,"% 55,6","% 55,6",270,,"% 7,4","% 20,7","% 68,1","8,0",,"5,1","% 22,2","% 22,2","% 88,9",,64,28,92,51,37
2024,MALTEPE ÃœNÄ°VERSÄ°TESÄ°,vakýf,EÄŸitim FakÃ¼ltesi,Ä°ngilizce Ã–ÄŸretmenliÄŸi,204110456,DÄ°L,Ä°ngilizce,100,6,6,,,,Ä°STANBUL ,,1,1,3,13.326,11.021,339.923,444.145,,,"% 25,0",,305,,"% 4,6","% 14,4","% 66,6","8,5",,"7,8","% 0,0","% 12,5","% 75,0",,40,26,66,38,32
2024,Ä°STANBUL KÃœLTÃœR ÃœNÄ°VERSÄ°TESÄ°,vakýf,EÄŸitim FakÃ¼ltesi,Ä°ngilizce Ã–ÄŸretmenliÄŸi,203090125,DÄ°L,Ä°ngilizce,100,7,7,,,,Ä°STANBUL,Marmara,1,---,2,13.728,10.571,366.969,438.207,,,"% 33,3","% 77,8",350,,"% 4,3","% 16,6","% 64,3","8,6",,"5,6","% 0,0","% 33,3","% 88,9",,32,39,71,48,38
2024,BÄ°RUNÄ° ÃœNÄ°VERSÄ°TESÄ°,vakýf,EÄŸitim FakÃ¼ltesi,Ä°ngilizce Ã–ÄŸretmenliÄŸi,207650941,DÄ°L,,100,7,7,,,,Ä°STANBUL ,,---,---,4,13.799,10.525,361.402,634.258,,,"% 25,0",,361,,"% 5,5","% 20,2","% 61,8","8,7",,"5,1","% 0,0","% 25,0","% 100,0",,29,35,64,46,29
2024,ÃœSKÃœDAR ÃœNÄ°VERSÄ°TESÄ°,vakýf,Ä°nsan ve Toplum Bilimleri FakÃ¼ltesi,Ä°ngilizce MÃ¼tercim ve TercÃ¼manlÄ±k,206552533,DÄ°L,,100,8,8,,,,Ä°STANBUL ,,---,---,4,13.809,10.171,383.118,654.301,,,"% 55,6",,283,,"% 8,5","% 20,5","% 62,2","8,5",,"6,9","% 11,1","% 11,1","% 77,8",,48,51,99,50,19
2024,Ä°STANBUL OKAN ÃœNÄ°VERSÄ°TESÄ°,vakýf,EÄŸitim FakÃ¼ltesi,Ä°ngilizce Ã–ÄŸretmenliÄŸi,204712207,DÄ°L,,100,7,7,,,,Ä°STANBUL,Marmara,---,---,5,14.245,12.34,286.79,451.519,,,"% 37,5","% 75,0",254,,"% 5,1","% 15,4","% 58,7","9,2",,"7,5","% 0,0","% 37,5","% 75,0",,35,36,71,49,24
2024,Ä°STANBUL KÃœLTÃœR ÃœNÄ°VERSÄ°TESÄ°,vakýf,Fen-Edebiyat FakÃ¼ltesi,Ä°ngiliz Dili ve EdebiyatÄ±,203010063,DÄ°L,Ä°ngilizce,100,11,11,,,,Ä°STANBUL,Marmara,2,---,6,14.318,8.304,298.896,427.373,,,"% 33,3","% 75,0",272,,"% 5,9","% 19,5","% 63,2","8,5",,"3,2","% 8,3","% 66,7","% 100,0",,44,47,91,61,49
2024,Ä°STANBUL BEYKENT ÃœNÄ°VERSÄ°TESÄ°,vakýf,Fen-Edebiyat FakÃ¼ltesi,Ä°ngilizce MÃ¼tercim ve TercÃ¼manlÄ±k,210301221,DÄ°L,,100,12,12,,,,Ä°STANBUL,Marmara,---,---,5,14.688,6.977,313.134,516.235,,,"% 42,9","% 64,3",291,,"% 4,1","% 12,7","% 62,2","8,9",,"7,0","% 7,1","% 21,4","% 92,9",,91,100,191,103,39
2024,Ä°HSAN DOÄžRAMACI BÄ°LKENT ÃœNÄ°VERSÄ°TESÄ°,vakýf,Ä°nsani Bilimler ve Edebiyat FakÃ¼ltesi,"Ä°ngilizce, FransÄ±zca MÃ¼tercim ve TercÃ¼manlÄ±k",202190180,DÄ°L,,50,38,38,,,,ANKARA,Ä°Ã§ Anadolu,---,---,---,15.057,2.212,272.749,535.001,,,"% 57,9","% 52,6",145,,"% 18,6","% 45,5","% 84,1","5,6",,"3,3","% 23,7","% 68,4","% 100,0",,165,185,351,69,165
2024,Ä°STÄ°NYE ÃœNÄ°VERSÄ°TESÄ°,vakýf,Ä°nsan ve Toplum Bilimleri FakÃ¼ltesi,Ä°ngiliz Dili ve EdebiyatÄ±,208450824,DÄ°L,Ä°ngilizce,100,5,5,,,,Ä°STANBUL ,,---,---,3,15.091,9.849,406.165,560.907,,,"% 50,0",,189,,"% 3,7","% 17,5","% 64,6","8,8",,"8,2","% 0,0","% 16,7","% 66,7",,25,31,56,22,36
2024,DOÄžUÅž ÃœNÄ°VERSÄ°TESÄ°,vakýf,Fen-Edebiyat FakÃ¼ltesi,Ä°ngilizce MÃ¼tercim ve TercÃ¼manlÄ±k,201290313,DÄ°L,,100,9,9,,,,Ä°STANBUL ,,1,---,2,15.111,11.71,353.499,523.811,,,"% 10,0",,240,,"% 3,8","% 14,6","% 57,5","9,0",,"8,4","% 0,0","% 20,0","% 60,0",,62,68,130,47,27
2024,ATILIM ÃœNÄ°VERSÄ°TESÄ°,vakýf,Fen-Edebiyat FakÃ¼ltesi,Ä°ngiliz Dili ve EdebiyatÄ±,200210025,DÄ°L,Ä°ngilizce,100,6,6,,,,ANKARA ,,2,1,2,15.6,13.724,434.645,775.013,,,"% 71,4",,212,,"% 6,6","% 18,9","% 63,7","8,5",,"7,0","% 28,6","% 28,6","% 71,4",,46,26,72,30,23
2024,Ä°STANBUL 29 MAYIS ÃœNÄ°VERSÄ°TESÄ°,vakýf,Edebiyat FakÃ¼ltesi,Ä°ngiliz Dili ve EdebiyatÄ±,202210348,DÄ°L,Ä°ngilizce,100,9,9,,,,Ä°STANBUL,Marmara,---,---,3,16.158,12.909,396.991,532.577,,,"% 40,0","% 70,0",156,,"% 5,8","% 15,4","% 59,6","8,7",,"7,2","% 10,0","% 30,0","% 80,0",,62,98,164,60,22
2024,Ä°STANBUL AYDIN ÃœNÄ°VERSÄ°TESÄ°,vakýf,Fen-Edebiyat FakÃ¼ltesi,Ä°ngiliz Dili ve EdebiyatÄ±,202410768,DÄ°L,Ä°ngilizce,100,12,12,,,,Ä°STANBUL,Marmara,3,1,6,16.396,12.171,410.105,560.28,,,"% 7,7","% 92,3",351,,"% 4,0","% 16,8","% 62,7","8,6",,"6,9","% 0,0","% 7,7","% 92,3",,49,102,151,72,59
2024,Ä°STANBUL ATLAS ÃœNÄ°VERSÄ°TESÄ°,vakýf,Ä°nsan ve Toplum Bilimleri FakÃ¼ltesi,Ä°ngilizce MÃ¼tercim ve TercÃ¼manlÄ±k,209310010,DÄ°L,,100,6,6,,,,Ä°STANBUL,Marmara,---,---,3,16.512,10.581,406.921,579.495,,,"% 14,3","% 85,7",224,,"% 4,5","% 15,2","% 55,8","9,7",,"5,6","% 28,6","% 28,6","% 85,7",,21,49,72,30,28
2024,Ä°STANBUL OKAN ÃœNÄ°VERSÄ°TESÄ°,vakýf,Ä°nsan ve Toplum Bilimleri FakÃ¼ltesi,RusÃ§a MÃ¼tercim ve TercÃ¼manlÄ±k,204790529,DÄ°L,,100,4,4,,,,Ä°STANBUL,Marmara,1,---,1,16.531,9.407,302.624,430.817,,,"% 40,0","% 60,0",86,,"% 5,8","% 20,9","% 61,6","9,3",,"5,8","% 0,0","% 60,0","% 80,0",,34,18,52,4,10
2024,HALÄ°Ã‡ ÃœNÄ°VERSÄ°TESÄ°,vakýf,Fen-Edebiyat FakÃ¼ltesi,Amerikan KÃ¼ltÃ¼rÃ¼ ve EdebiyatÄ±,201910024,DÄ°L,Ä°ngilizce,100,9,9,,,,Ä°STANBUL,Marmara,---,1,2,17.176,11.727,388.003,552.489,,,"% 20,0","% 90,0",187,,"% 4,8","% 18,7","% 51,9","9,5",,"7,3","% 0,0","% 0,0","% 90,0",,52,95,147,15,38
2024,YAÅžAR ÃœNÄ°VERSÄ°TESÄ°,vakýf,UygulamalÄ± Bilimler YÃ¼ksekokulu,Turizm RehberliÄŸi,206010981,DÄ°L,Ä°ngilizce,100,3,3,,,,Ä°ZMÄ°R,Ege,2,2,---,18.202,11.686,,,,,"% 50,0","% 75,0",75,,"% 20,0","% 34,7","% 73,3","6,8",,"3,0","% 25,0","% 50,0","% 100,0",,12,9,21,4,19
2024,FENERBAHÃ‡E ÃœNÄ°VERSÄ°TESÄ°,vakýf,"Ä°ktisadi, Ä°dari ve Sosyal Bilimler FakÃ¼ltesi",Ä°ngiliz Dili ve EdebiyatÄ±,209010074,DÄ°L,Ä°ngilizce,100,7,7,,,,Ä°STANBUL ,,1,---,3,17.551,13.097,466.342,683.036,,,"% 25,0",,273,,"% 4,8","% 15,0","% 57,5","9,6",,"10,9","% 12,5","% 25,0","% 62,5",,39,44,83,26,23
2024,Ä°STANBUL GELÄ°ÅžÄ°M ÃœNÄ°VERSÄ°TESÄ°,vakýf,UygulamalÄ± Bilimler FakÃ¼ltesi,Ä°ngilizce MÃ¼tercim ve TercÃ¼manlÄ±k,202790579,DÄ°L,,100,7,7,,,,Ä°STANBUL,Marmara,---,---,4,18.099,15.562,471.359,630.851,,,"% 37,5","% 62,5",253,,"% 3,6","% 9,5","% 46,6","10,5",,"8,5","% 0,0","% 0,0","% 75,0",,43,48,91,38,30
2024,DOÄžUÅž ÃœNÄ°VERSÄ°TESÄ°,vakýf,Fen-Edebiyat FakÃ¼ltesi,Ä°ngiliz Dili ve EdebiyatÄ±,201210049,DÄ°L,Ä°ngilizce,100,8,8,,,,Ä°STANBUL ,,---,---,4,18.178,10.873,509.214,826.839,,,"% 33,3",,214,,"% 1,4","% 8,9","% 46,3","10,1",,"7,7","% 0,0","% 11,1","% 77,8",,50,60,110,51,46
2024,Ä°STANBUL BEYKENT ÃœNÄ°VERSÄ°TESÄ°,vakýf,Fen-Edebiyat FakÃ¼ltesi,Ä°ngiliz Dili ve EdebiyatÄ±,210301207,DÄ°L,,100,11,11,,,,Ä°STANBUL,Marmara,1,---,3,18.279,15.21,480.929,702.436,,,"% 25,0","% 75,0",286,,"% 2,1","% 12,6","% 58,4","9,2",,"8,5","% 0,0","% 25,0","% 58,3",,75,84,159,48,43
2024,Ä°STANBUL ATLAS ÃœNÄ°VERSÄ°TESÄ°,vakýf,Ä°nsan ve Toplum Bilimleri FakÃ¼ltesi,Ä°ngiliz Dili ve EdebiyatÄ±,209310048,DÄ°L,Ä°ngilizce,100,4,4,,,,Ä°STANBUL,Marmara,1,---,3,18.331,16.529,482.418,574.948,,,"% 60,0","% 40,0",159,,"% 1,9","% 10,7","% 55,3","9,8",,"6,0","% 0,0","% 20,0","% 80,0",,10,29,43,20,22
2024,Ä°STANBUL YENÄ° YÃœZYIL ÃœNÄ°VERSÄ°TESÄ°,vakýf,Fen-Edebiyat FakÃ¼ltesi,Ä°ngilizce MÃ¼tercim ve TercÃ¼manlÄ±k,206290198,DÄ°L,,100,7,7,,,,Ä°STANBUL,Marmara,3,---,2,18.625,14.827,523.495,820.681,,,"% 37,5","% 62,5",245,,"% 2,9","% 13,1","% 52,2","9,8",,"8,0","% 0,0","% 12,5","% 50,0",,24,64,88,40,29
2024,Ä°STANBUL AREL ÃœNÄ°VERSÄ°TESÄ°,vakýf,Fen-Edebiyat FakÃ¼ltesi,Ä°ngilizce MÃ¼tercim ve TercÃ¼manlÄ±k,202390197,DÄ°L,,100,4,4,,,,Ä°STANBUL,Marmara,---,---,4,18.635,11.152,290.012,414.584,,,"% 40,0","% 80,0",171,,"% 2,3","% 8,8","% 45,6","10,5",,"9,8","% 0,0","% 0,0","% 60,0",,32,48,80,37,27
2024,Ä°STANBUL NÄ°ÅžANTAÅžI ÃœNÄ°VERSÄ°TESÄ°,vakýf,"Ä°ktisadi, Ä°dari ve Sosyal Bilimler FakÃ¼ltesi",Ä°ngilizce MÃ¼tercim ve TercÃ¼manlÄ±k,210401858,DÄ°L,,100,10,10,,,,Ä°STANBUL,Marmara,---,---,5,18.737,10.113,397.733,538.276,,,"% 27,3","% 81,8",314,,"% 4,8","% 19,4","% 58,3","9,2",,"6,7","% 0,0","% 27,3","% 81,8",,56,71,127,53,41
2024,Ä°STANBUL SABAHATTÄ°N ZAÄ°M ÃœNÄ°VERSÄ°TESÄ°,vakýf,EÄŸitim FakÃ¼ltesi,ArapÃ§a Ã–ÄŸretmenliÄŸi,203211095,DÄ°L,,100,3,3,,,,Ä°STANBUL,Marmara,---,1,3,18.919,15.054,605.987,688.014,,,"% 25,0","% 75,0",103,,"% 7,8","% 32,0","% 81,6","6,6",,"5,8","% 50,0","% 75,0","% 75,0",,3,21,24,5,16
2024,Ä°STANBUL TOPKAPI ÃœNÄ°VERSÄ°TESÄ°,vakýf,"Ä°ktisadi, Ä°dari ve Sosyal Bilimler FakÃ¼ltesi",Ä°ngilizce MÃ¼tercim ve TercÃ¼manlÄ±k,205090226,DÄ°L,,100,4,4,,,,Ä°STANBUL,Marmara,---,---,4,19.253,16.115,376.633,485.81,,,"% 40,0","% 80,0",252,,"% 4,8","% 14,3","% 54,4","9,6",,"6,2","% 40,0","% 60,0","% 80,0",,20,27,47,16,6
2024,Ä°STANBUL YENÄ° YÃœZYIL ÃœNÄ°VERSÄ°TESÄ°,vakýf,Fen-Edebiyat FakÃ¼ltesi,Ä°ngiliz Dili ve EdebiyatÄ±,206210088,DÄ°L,Ä°ngilizce,100,7,7,,,,Ä°STANBUL,Marmara,1,---,5,19.51,17.868,501.475,744.607,,,"% 25,0","% 75,0",208,,"% 2,9","% 9,6","% 51,0","10,3",,"5,0","% 12,5","% 37,5","% 87,5",,12,68,80,38,33
2024,Ä°STANBUL AREL ÃœNÄ°VERSÄ°TESÄ°,vakýf,Fen-Edebiyat FakÃ¼ltesi,Ä°ngiliz Dili ve EdebiyatÄ±,202391011,DÄ°L,Ä°ngilizce,100,4,4,,,,Ä°STANBUL,Marmara,---,---,---,20.291,15.745,392.01,470.879,,,"% 20,0","% 80,0",496,,"% 8,7","% 33,7","% 69,0","7,7",,"8,8","% 0,0","% 0,0","% 80,0",,17,42,59,24,
2024,Ä°HSAN DOÄžRAMACI BÄ°LKENT ÃœNÄ°VERSÄ°TESÄ°,vakýf,Ä°nsani Bilimler ve Edebiyat FakÃ¼ltesi,Ä°ngiliz Dili ve EdebiyatÄ±,202110717,DÄ°L,Ä°ngilizce,50,48,48,,,,ANKARA,Ä°Ã§ Anadolu,---,---,---,20.406,4.129,348.018,802.771,,,"% 54,2","% 60,4",233,,"% 15,9","% 43,8","% 84,1","5,8",,"3,6","% 22,9","% 62,5","% 97,9",,181,248,429,180,197
2024,HASAN KALYONCU ÃœNÄ°VERSÄ°TESÄ°,vakýf,EÄŸitim FakÃ¼ltesi,Ä°ngilizce Ã–ÄŸretmenliÄŸi,201610821,DÄ°L,Ä°ngilizce,100,7,7,,,,GAZÄ°ANTEP,GÃ¼neydoÄŸu Anadolu,1,---,2,20.485,12.521,363.78,457.673,,,"% 33,3","% 77,8",221,,"% 17,2","% 48,4","% 73,3","6,3",,"6,3","% 22,2","% 22,2","% 88,9",,76,9,85,61,30
2024,Ä°STANBUL NÄ°ÅžANTAÅžI ÃœNÄ°VERSÄ°TESÄ°,vakýf,"Ä°ktisadi, Ä°dari ve Sosyal Bilimler FakÃ¼ltesi",Ä°ngiliz Dili ve EdebiyatÄ±,210401837,DÄ°L,Ä°ngilizce,100,10,10,,,,Ä°STANBUL,Marmara,---,---,5,20.64,18.068,480.562,683.318,,,"% 18,2","% 81,8",220,,"% 4,5","% 12,3","% 49,1","9,9",,"11,0","% 18,2","% 18,2","% 54,5",,55,125,180,55,35
2024,Ä°STANBUL GELÄ°ÅžÄ°M ÃœNÄ°VERSÄ°TESÄ°,vakýf,"Ä°ktisadi, Ä°dari ve Sosyal Bilimler FakÃ¼ltesi",Ä°ngiliz Dili ve EdebiyatÄ±,202712513,DÄ°L,Ä°ngilizce,100,10,10,,,,Ä°STANBUL,Marmara,1,---,2,20.759,18.664,418.872,679.092,,,"% 36,4","% 72,7",274,,"% 4,7","% 15,0","% 45,3","10,9",,"9,9","% 0,0","% 0,0","% 54,5",,27,102,129,58,49
2024,Ä°STANBUL TOPKAPI ÃœNÄ°VERSÄ°TESÄ°,vakýf,"Ä°ktisadi, Ä°dari ve Sosyal Bilimler FakÃ¼ltesi",Ä°ngiliz Dili ve EdebiyatÄ±,205090029,DÄ°L,Ä°ngilizce,100,10,10,,,,Ä°STANBUL,Marmara,1,---,4,22.224,16.408,460.075,685.28,,,"% 18,2","% 81,8",258,,"% 3,1","% 12,8","% 47,7","10,6",,"10,2","% 0,0","% 9,1","% 45,5",,46,94,140,79,38
2024,Ä°STANBUL GELÄ°ÅžÄ°M ÃœNÄ°VERSÄ°TESÄ°,vakýf,"Ä°ktisadi, Ä°dari ve Sosyal Bilimler FakÃ¼ltesi",Turizm RehberliÄŸi,202712531,DÄ°L,,100,3,3,,,,Ä°STANBUL,Marmara,1,1,2,22.298,17.265,478.4,590.585,,,"% 25,0","% 75,0",121,,"% 7,4","% 21,5","% 51,2","10,1",,"10,2","% 25,0","% 50,0","% 50,0",,4,19,23,3,25
2024,Ä°STANBUL BEYKENT ÃœNÄ°VERSÄ°TESÄ°,vakýf,Fen-Edebiyat FakÃ¼ltesi,RusÃ§a MÃ¼tercim ve TercÃ¼manlÄ±k,210301263,DÄ°L,,100,3,3,,,,Ä°STANBUL,Marmara,1,---,3,22.313,19.384,418.837,513.673,,,"% 50,0","% 75,0",88,,"% 6,8","% 21,6","% 62,5","8,8",,"8,8","% 0,0","% 0,0","% 100,0",,38,21,59,4,22
2024,Ä°STANBUL NÄ°ÅžANTAÅžI ÃœNÄ°VERSÄ°TESÄ°,vakýf,"Ä°ktisadi, Ä°dari ve Sosyal Bilimler FakÃ¼ltesi",Ä°ngiliz Dili ve EdebiyatÄ±,210401844,DÄ°L,Ä°ngilizce,0,1,1,,,,Ä°STANBUL,Marmara,---,---,---,22.847,22.847,551.935,551.935,,,,"% 100,0",31,,"% 0,0","% 12,9","% 58,1","8,9",,"10,0","% 0,0","% 0,0","% 100,0",,7,17,24,4,53
2024,MUDANYA ÃœNÄ°VERSÄ°TESÄ°,vakýf,Sanat ve Sosyal Bilimler FakÃ¼ltesi,Ä°ngiliz Dili ve EdebiyatÄ±,210000507,DÄ°L,Ä°ngilizce,100,4,4,,,,BURSA,Marmara,---,---,---,23.213,13.374,560.032,770.422,,,"% 40,0","% 60,0",400,,"% 17,3","% 32,3","% 66,0","7,9",,"7,6","% 0,0","% 40,0","% 80,0",,34,4,38,11,
2024,Ä°STANBUL NÄ°ÅžANTAÅžI ÃœNÄ°VERSÄ°TESÄ°,vakýf,UygulamalÄ± Bilimler YÃ¼ksekokulu,Turizm RehberliÄŸi,210402558,DÄ°L,,100,6,6,,,,Ä°STANBUL,Marmara,---,---,3,24.97,17.053,,,,,"% 28,6","% 71,4",105,,"% 12,4","% 25,7","% 53,3","9,6",,"8,4","% 42,9","% 57,1","% 57,1",,20,59,79,8,28
2024,BAHÃ‡EÅžEHÄ°R ÃœNÄ°VERSÄ°TESÄ°,vakýf,"Ä°ktisadi, Ä°dari ve Sosyal Bilimler FakÃ¼ltesi",Ä°ngilizce MÃ¼tercim ve TercÃ¼manlÄ±k,200590264,DÄ°L,,50,6,6,,,,Ä°STANBUL ,,---,---,---,23.874,9.972,404.529,617.995,,,"% 16,7",,329,,"% 9,7","% 31,9","% 74,5","7,0",,"4,0","% 0,0","% 50,0","% 100,0",,3,58,61,23,
2024,Ã‡AÄž ÃœNÄ°VERSÄ°TESÄ°,vakýf,Fen-Edebiyat FakÃ¼ltesi,Ä°ngilizce MÃ¼tercim ve TercÃ¼manlÄ±k,201050717,DÄ°L,,100,12,12,,,,MERSÄ°N,Akdeniz,2,---,4,23.895,15.036,499.93,806.606,,,"% 57,1","% 92,9",222,,"% 12,2","% 37,8","% 70,3","7,4",,"5,5","% 28,6","% 57,1","% 78,6",,96,15,111,54,52
2024,Ä°STANBUL 29 MAYIS ÃœNÄ°VERSÄ°TESÄ°,vakýf,Edebiyat FakÃ¼ltesi,ArapÃ§a MÃ¼tercim ve TercÃ¼manlÄ±k,202210340,DÄ°L,,100,7,7,,,,Ä°STANBUL,Marmara,1,---,3,24.688,7.537,525.035,916.751,,,"% 25,0","% 87,5",135,,"% 26,7","% 57,0","% 88,1","4,4",,"3,1","% 50,0","% 75,0","% 87,5",,32,26,58,17,10
2024,Ä°STANBUL AYDIN ÃœNÄ°VERSÄ°TESÄ°,vakýf,EÄŸitim FakÃ¼ltesi,ArapÃ§a Ã–ÄŸretmenliÄŸi,202412164,DÄ°L,,100,3,3,,,,Ä°STANBUL,Marmara,3,---,3,27.752,21.344,690.339,897.942,,,"% 50,0","% 50,0",107,,"% 8,4","% 27,1","% 77,6","7,0",,"4,2","% 50,0","% 75,0","% 75,0",,11,15,26,9,21
2024,Ä°HSAN DOÄžRAMACI BÄ°LKENT ÃœNÄ°VERSÄ°TESÄ°,vakýf,Ä°nsani Bilimler ve Edebiyat FakÃ¼ltesi,Amerikan KÃ¼ltÃ¼rÃ¼ ve EdebiyatÄ±,202110683,DÄ°L,Ä°ngilizce,50,37,37,,,,ANKARA,Ä°Ã§ Anadolu,---,---,---,28.62,12.11,499.759,974.367,,,"% 35,1","% 64,9",162,,"% 10,5","% 36,4","% 80,9","5,8",,"4,4","% 13,5","% 54,1","% 97,3",,135,204,343,82,172
2024,KOÃ‡ ÃœNÄ°VERSÄ°TESÄ°,vakýf,Ä°nsani Bilimler ve Edebiyat FakÃ¼ltesi,KarÅŸÄ±laÅŸtÄ±rmalÄ± Edebiyat,203910829,DÄ°L,Ä°ngilizce,0,12,12,,,,Ä°STANBUL ,,---,---,---,28.878,1.999,455.177,804.049,,,"% 16,7",,47,,"% 19,1","% 40,4","% 85,1","5,4",,"3,7","% 25,0","% 58,3","% 91,7",,42,64,106,25,33
2024,Ä°STANBUL NÄ°ÅžANTAÅžI ÃœNÄ°VERSÄ°TESÄ°,vakýf,UygulamalÄ± Bilimler YÃ¼ksekokulu,Turizm RehberliÄŸi,210402565,DÄ°L,,0,1,1,,,,Ä°STANBUL,Marmara,---,---,---,71.872,71.872,,,,,,"% 100,0",15,,"% 13,3","% 60,0","% 86,7","5,0",,"4,0","% 0,0","% 0,0","% 100,0",,5,1,6,1,33
2024,BAHÃ‡EÅžEHÄ°R ÃœNÄ°VERSÄ°TESÄ°,vakýf,EÄŸitim Bilimleri FakÃ¼ltesi,Ä°ngilizce Ã–ÄŸretmenliÄŸi,200511126,DÄ°L,Ä°ngilizce,50,15,15,,,,Ä°STANBUL ,,---,---,---,30.15,10,422.81,664.421,,,"% 20,0",,195,,"% 6,2","% 26,2","% 73,8","7,3",,"6,1","% 6,7","% 20,0","% 86,7",,56,82,138,67,83
2024,Ä°STANBUL MEDÄ°POL ÃœNÄ°VERSÄ°TESÄ°,vakýf,EÄŸitim FakÃ¼ltesi,Ä°ngilizce Ã–ÄŸretmenliÄŸi,203111281,DÄ°L,Ä°ngilizce,25,42,42,,,,Ä°STANBUL,Marmara,---,---,---,30.282,11.088,493.096,1.137.807,,,"% 14,3","% 88,1",508,,"% 24,4","% 51,8","% 85,0","5,1",,"3,8","% 33,3","% 69,0","% 95,2",,243,189,432,258,
2024,KAPADOKYA ÃœNÄ°VERSÄ°TESÄ°,vakýf,BeÅŸeri Bilimler FakÃ¼ltesi,Ä°ngilizce MÃ¼tercim ve TercÃ¼manlÄ±k,203851892,DÄ°L,,100,8,8,,,,NEVÅžEHÄ°R,Ä°Ã§ Anadolu,---,1,3,30.726,24.569,438.17,662.54,,,"% 88,9","% 44,4",186,,"% 6,5","% 24,7","% 67,7","7,9",,"8,4","% 0,0","% 0,0","% 88,9",,122,16,138,46,30
2024,Ä°STANBUL 29 MAYIS ÃœNÄ°VERSÄ°TESÄ°,vakýf,EÄŸitim FakÃ¼ltesi,Ä°ngilizce Ã–ÄŸretmenliÄŸi,202210393,DÄ°L,,50,51,51,,,,Ä°STANBUL,Marmara,---,---,---,31.141,14.424,547.342,1.110.581,,,"% 7,8","% 92,2",293,,"% 22,2","% 60,1","% 83,6","5,4",,"4,4","% 25,5","% 76,5","% 90,2",,323,269,594,390,154
2024,KAPADOKYA ÃœNÄ°VERSÄ°TESÄ°,vakýf,BeÅŸeri Bilimler FakÃ¼ltesi,Ä°ngiliz Dili ve EdebiyatÄ±,203851837,DÄ°L,Ä°ngilizce,100,9,9,,,,NEVÅžEHÄ°R,Ä°Ã§ Anadolu,1,---,3,32.745,20.473,589.45,1.250.944,,,"% 100,0","% 80,0",223,,"% 8,1","% 24,7","% 61,9","8,7",,"3,9","% 20,0","% 50,0","% 100,0",,74,26,100,53,39
2024,Ä°HSAN DOÄžRAMACI BÄ°LKENT ÃœNÄ°VERSÄ°TESÄ°,vakýf,Ä°nsani Bilimler ve Edebiyat FakÃ¼ltesi,"Ä°ngilizce, FransÄ±zca MÃ¼tercim ve TercÃ¼manlÄ±k",202190203,DÄ°L,,0,10,10,,,,ANKARA,Ä°Ã§ Anadolu,---,---,---,33.784,17.782,725.366,939.162,,,"% 80,0","% 50,0",89,,"% 9,0","% 39,3","% 76,4","6,1",,"5,0","% 0,0","% 60,0","% 90,0",,41,55,96,15,10
2024,Ä°STANBUL 29 MAYIS ÃœNÄ°VERSÄ°TESÄ°,vakýf,Edebiyat FakÃ¼ltesi,Ä°ngilizce MÃ¼tercim ve TercÃ¼manlÄ±k,202210343,DÄ°L,,50,55,55,,,,Ä°STANBUL,Marmara,---,---,---,35.127,12.236,536.864,961.728,,,"% 16,4","% 89,1",278,,"% 11,9","% 48,6","% 82,4","5,7",,"3,1","% 23,6","% 81,8","% 94,5",,210,294,505,194,34
2024,FATÄ°H SULTAN MEHMET VAKIF ÃœNÄ°VERSÄ°TESÄ°,vakýf,EÄŸitim FakÃ¼ltesi,ArapÃ§a Ã–ÄŸretmenliÄŸi,201490082,DÄ°L,,100,4,4,,,,Ä°STANBUL ,,1,1,1,36.174,14.834,465.462,569.841,,,"% 40,0",,85,,"% 15,3","% 40,0","% 84,7","5,8",,"4,0","% 40,0","% 60,0","% 100,0",,26,17,43,12,26
2024,TED ÃœNÄ°VERSÄ°TESÄ°,vakýf,EÄŸitim FakÃ¼ltesi,Ä°ngilizce Ã–ÄŸretmenliÄŸi,206710241,DÄ°L,Ä°ngilizce,50,38,38,,,,ANKARA ,,---,---,---,36.333,13.586,529.401,1.198.164,,,"% 26,3",,227,,"% 11,9","% 33,5","% 75,3","6,8",,"5,2","% 10,5","% 42,1","% 89,5",,222,150,372,222,156
2024,Ä°STANBUL 29 MAYIS ÃœNÄ°VERSÄ°TESÄ°,vakýf,EÄŸitim FakÃ¼ltesi,ArapÃ§a Ã–ÄŸretmenliÄŸi,202210344,DÄ°L,,100,8,8,,,,Ä°STANBUL,Marmara,2,---,1,37.413,23.25,696.7,1.401.438,,,"% 33,3","% 77,8",134,,"% 14,2","% 41,8","% 90,3","5,2",,"3,1","% 22,2","% 66,7","% 100,0",,45,19,65,14,36
2024,YEDÄ°TEPE ÃœNÄ°VERSÄ°TESÄ°,vakýf,EÄŸitim FakÃ¼ltesi,Ä°ngilizce Ã–ÄŸretmenliÄŸi,206111042,DÄ°L,Ä°ngilizce,50,42,42,,,,Ä°STANBUL ,,---,---,---,40.008,15.735,625.079,1.456.836,,,"% 28,6",,286,,"% 12,6","% 35,0","% 76,2","6,7",,"4,1","% 35,7","% 57,1","% 90,5",,182,236,422,248,155
2024,AVRASYA ÃœNÄ°VERSÄ°TESÄ°,vakýf,Fen-Edebiyat FakÃ¼ltesi,Ä°ngilizce MÃ¼tercim ve TercÃ¼manlÄ±k,200390214,DÄ°L,,100,7,7,,,,TRABZON ,,1,---,2,40.044,28.585,533.379,781.367,,,"% 87,5",,124,,"% 5,6","% 25,0","% 61,3","8,6",,"10,5","% 0,0","% 12,5","% 50,0",,76,9,85,38,5
2024,Ä°STANBUL AYDIN ÃœNÄ°VERSÄ°TESÄ°,vakýf,EÄŸitim FakÃ¼ltesi,Ä°ngilizce Ã–ÄŸretmenliÄŸi,202410653,DÄ°L,Ä°ngilizce,50,42,42,,,,Ä°STANBUL,Marmara,---,---,---,40.394,17.222,580.697,1.179.069,,,"% 21,4","% 88,1",577,,"% 12,7","% 41,6","% 79,5","6,0",,"6,8","% 19,0","% 45,2","% 78,6",,246,215,465,336,213
2024,AVRASYA ÃœNÄ°VERSÄ°TESÄ°,vakýf,Fen-Edebiyat FakÃ¼ltesi,Ä°ngiliz Dili ve EdebiyatÄ±,200310412,DÄ°L,,100,7,7,,,,TRABZON ,,1,---,2,41.454,31.857,744.309,1.714.086,,,"% 55,6",,90,,"% 10,0","% 27,8","% 64,4","7,5",,"5,0","% 0,0","% 33,3","% 100,0",,68,16,85,47,32
2024,YEDÄ°TEPE ÃœNÄ°VERSÄ°TESÄ°,vakýf,Fen-Edebiyat FakÃ¼ltesi,Ã‡eviribilimi,206190364,DÄ°L,Ä°ngilizce,50,68,68,,,,Ä°STANBUL ,,---,---,---,43.49,4.818,515.148,1.417.177,,,"% 35,3",,240,,"% 15,0","% 40,8","% 81,7","6,0",,"4,0","% 26,5","% 55,9","% 95,6",,286,376,666,110,316
2024,TOBB EKONOMÄ° VE TEKNOLOJÄ° ÃœNÄ°VERSÄ°TESÄ°,vakýf,Fen-Edebiyat FakÃ¼ltesi,Ä°ngiliz Dili ve EdebiyatÄ±,205410495,DÄ°L,Ä°ngilizce,50,30,30,,,,ANKARA ,,---,---,---,44.082,4.189,551.967,1.079.740,,,"% 53,3",,187,,"% 8,6","% 27,8","% 72,7","7,4",,"4,7","% 20,0","% 50,0","% 93,3",,164,127,291,154,114
2024,YAÅžAR ÃœNÄ°VERSÄ°TESÄ°,vakýf,Ä°nsan ve Toplum Bilimleri FakÃ¼ltesi,Ä°ngiliz Dili ve EdebiyatÄ±,206010063,DÄ°L,Ä°ngilizce,50,42,42,,,,Ä°ZMÄ°R,Ege,---,---,---,44.619,14.845,755.776,1.393.961,,,"% 21,4","% 92,9",171,,"% 9,4","% 26,9","% 76,6","7,1",,"6,5","% 11,9","% 28,6","% 83,3",,291,152,443,226,160
2024,MALTEPE ÃœNÄ°VERSÄ°TESÄ°,vakýf,EÄŸitim FakÃ¼ltesi,Ä°ngilizce Ã–ÄŸretmenliÄŸi,204110041,DÄ°L,Ä°ngilizce,50,7,7,,,,Ä°STANBUL ,,---,---,---,45.002,19.229,577.102,950.455,,,,,321,,"% 9,3","% 34,6","% 79,8","6,4",,"6,1","% 28,6","% 42,9","% 85,7",,25,27,52,43,66
2024,KAPADOKYA ÃœNÄ°VERSÄ°TESÄ°,vakýf,UygulamalÄ± Bilimler YÃ¼ksekokulu,Turizm RehberliÄŸi,203852041,DÄ°L,,100,5,5,,,,NEVÅžEHÄ°R,Ä°Ã§ Anadolu,---,1,2,44.307,37.793,,,,,"% 100,0","% 33,3",59,,"% 8,5","% 30,5","% 72,9","7,7",,"4,5","% 0,0","% 33,3","% 100,0",,43,14,57,5,6
2024,BAÅžKENT ÃœNÄ°VERSÄ°TESÄ°,vakýf,EÄŸitim FakÃ¼ltesi,Ä°ngilizce Ã–ÄŸretmenliÄŸi,200610084,DÄ°L,,50,35,35,,,,ANKARA ,,---,---,---,46.345,8.337,592.342,1.309.111,,,"% 40,0",,256,,"% 13,7","% 34,0","% 76,6","6,7",,"5,0","% 28,6","% 45,7","% 85,7",,150,146,298,171,140
2024,Ä°STANBUL 29 MAYIS ÃœNÄ°VERSÄ°TESÄ°,vakýf,Edebiyat FakÃ¼ltesi,Ä°ngiliz Dili ve EdebiyatÄ±,202210349,DÄ°L,Ä°ngilizce,50,55,55,,,,Ä°STANBUL,Marmara,---,---,---,46.624,20.488,663.72,1.161.014,,,"% 12,7","% 89,1",250,,"% 10,0","% 49,2","% 86,4","5,3",,"3,6","% 21,8","% 69,1","% 94,5",,372,267,639,263,105
2024,BAÅžKENT ÃœNÄ°VERSÄ°TESÄ°,vakýf,Fen-Edebiyat FakÃ¼ltesi,Ä°ngilizce MÃ¼tercim ve TercÃ¼manlÄ±k,200690491,DÄ°L,,50,33,33,,,,ANKARA ,,---,---,---,46.853,14.605,591.78,1.193.718,,,"% 48,5",,295,,"% 8,8","% 28,1","% 73,9","7,4",,"5,5","% 24,2","% 48,5","% 87,9",,129,169,298,170,100
2024,YEDÄ°TEPE ÃœNÄ°VERSÄ°TESÄ°,vakýf,Fen-Edebiyat FakÃ¼ltesi,Ä°ngiliz Dili ve EdebiyatÄ±,206111112,DÄ°L,Ä°ngilizce,50,51,51,,,,Ä°STANBUL ,,---,---,---,48.272,13.437,726.483,1.714.104,,,"% 21,6",,450,,"% 12,9","% 34,0","% 73,1","6,7",,"3,3","% 39,2","% 72,5","% 94,1",,113,347,467,188,223
2024,Ä°STANBUL YENÄ° YÃœZYIL ÃœNÄ°VERSÄ°TESÄ°,vakýf,Fen-Edebiyat FakÃ¼ltesi,Ä°ngilizce MÃ¼tercim ve TercÃ¼manlÄ±k,206290199,DÄ°L,,50,47,47,,,,Ä°STANBUL,Marmara,---,---,---,48.44,20.17,760.186,2.098.399,,,"% 4,3","% 95,7",291,,"% 12,0","% 48,5","% 82,8","5,8",,"3,2","% 31,9","% 89,4","% 95,7",,120,290,410,224,134
2024,BÄ°RUNÄ° ÃœNÄ°VERSÄ°TESÄ°,vakýf,EÄŸitim FakÃ¼ltesi,Ä°ngilizce Ã–ÄŸretmenliÄŸi,207650943,DÄ°L,,50,42,42,,,,Ä°STANBUL ,,---,---,---,49.25,18.629,657.655,1.136.861,,,"% 7,1",,408,,"% 29,2","% 52,5","% 84,6","5,0",,"3,1","% 45,2","% 71,4","% 95,2",,101,235,336,205,186
2024,Ä°ZMÄ°R EKONOMÄ° ÃœNÄ°VERSÄ°TESÄ°,vakýf,Fen-Edebiyat FakÃ¼ltesi,Ä°ngilizce MÃ¼tercim ve TercÃ¼manlÄ±k,203590169,DÄ°L,,25,55,55,,,,Ä°ZMÄ°R,Ege,---,---,---,51.867,10.201,639.324,1.410.356,,,"% 50,9","% 78,2",172,,"% 14,5","% 43,0","% 79,7","6,1",,"3,3","% 34,5","% 70,9","% 94,5",,212,251,466,219,181
2024,YEDÄ°TEPE ÃœNÄ°VERSÄ°TESÄ°,vakýf,Fen-Edebiyat FakÃ¼ltesi,Ä°ngiliz Dili ve EdebiyatÄ±,206110195,DÄ°L,Ä°ngilizce,0,4,4,,,,Ä°STANBUL ,,---,---,---,52.306,47.472,967.464,1.151.693,,,,,90,,"% 3,3","% 27,8","% 72,2","7,5",,"7,8","% 0,0","% 50,0","% 75,0",,17,22,39,8,37
2024,ÃœSKÃœDAR ÃœNÄ°VERSÄ°TESÄ°,vakýf,Ä°nsan ve Toplum Bilimleri FakÃ¼ltesi,Ä°ngilizce MÃ¼tercim ve TercÃ¼manlÄ±k,206552534,DÄ°L,,50,51,51,,,,Ä°STANBUL ,,---,---,---,52.474,25.26,731.794,1.406.669,,,"% 21,6",,259,,"% 9,3","% 38,2","% 85,3","5,8",,"3,2","% 23,5","% 70,6","% 96,1",,134,314,448,238,121
2024,HASAN KALYONCU ÃœNÄ°VERSÄ°TESÄ°,vakýf,EÄŸitim FakÃ¼ltesi,Ä°ngilizce Ã–ÄŸretmenliÄŸi,201610848,DÄ°L,Ä°ngilizce,25,24,24,,,,GAZÄ°ANTEP,GÃ¼neydoÄŸu Anadolu,---,---,---,54.485,28.589,577.798,1.859.551,,,"% 37,5","% 70,8",122,,"% 13,1","% 44,3","% 75,4","7,0",,"7,8","% 4,2","% 37,5","% 70,8",,194,67,266,201,99
2024,YAÅžAR ÃœNÄ°VERSÄ°TESÄ°,vakýf,Ä°nsan ve Toplum Bilimleri FakÃ¼ltesi,Ä°ngilizce MÃ¼tercim ve TercÃ¼manlÄ±k,206090362,DÄ°L,,25,33,33,,,,Ä°ZMÄ°R,Ege,---,---,---,58.423,18.705,789.31,2.096.588,,,"% 33,3","% 87,9",167,,"% 12,6","% 31,7","% 79,6","6,5",,"4,1","% 36,4","% 57,6","% 90,9",,121,123,248,108,100
2024,TED ÃœNÄ°VERSÄ°TESÄ°,vakýf,Fen-Edebiyat FakÃ¼ltesi,Ä°ngiliz Dili ve EdebiyatÄ±,206710438,DÄ°L,Ä°ngilizce,50,47,47,,,,ANKARA ,,---,---,---,60.276,21.536,677.885,1.195.696,,,"% 25,5",,257,,"% 6,6","% 26,5","% 72,4","7,2",,"4,4","% 21,3","% 51,1","% 91,5",,151,299,452,217,176
2024,YAÅžAR ÃœNÄ°VERSÄ°TESÄ°,vakýf,UygulamalÄ± Bilimler YÃ¼ksekokulu,Turizm RehberliÄŸi,206011007,DÄ°L,Ä°ngilizce,50,20,20,,,,Ä°ZMÄ°R,Ege,---,---,---,58.11,24.255,,,,,"% 20,0","% 95,0",68,,"% 17,6","% 32,4","% 77,9","6,2",,"4,6","% 20,0","% 55,0","% 95,0",,99,56,156,26,79
2024,MUDANYA ÃœNÄ°VERSÄ°TESÄ°,vakýf,Sanat ve Sosyal Bilimler FakÃ¼ltesi,Ä°ngiliz Dili ve EdebiyatÄ±,210000514,DÄ°L,Ä°ngilizce,50,25,25,,,,BURSA,Marmara,---,---,---,64.808,35.213,831.123,2.254.124,,,"% 8,0","% 92,0",123,,"% 5,7","% 48,0","% 68,3","7,5",,"5,3","% 4,0","% 76,0","% 80,0",,191,84,276,125,
2024,Ä°STANBUL NÄ°ÅžANTAÅžI ÃœNÄ°VERSÄ°TESÄ°,vakýf,"Ä°ktisadi, Ä°dari ve Sosyal Bilimler FakÃ¼ltesi",Ä°ngilizce MÃ¼tercim ve TercÃ¼manlÄ±k,210401872,DÄ°L,,50,67,67,,,,Ä°STANBUL,Marmara,---,---,---,66.588,22.152,868.257,2.013.655,,,"% 22,4","% 88,1",273,,"% 17,6","% 38,5","% 81,7","5,9",,"3,0","% 44,8","% 74,6","% 95,5",,213,458,677,326,200
2024,Ä°STANBUL NÄ°ÅžANTAÅžI ÃœNÄ°VERSÄ°TESÄ°,vakýf,"Ä°ktisadi, Ä°dari ve Sosyal Bilimler FakÃ¼ltesi",Ä°ngilizce MÃ¼tercim ve TercÃ¼manlÄ±k,210401865,DÄ°L,,0,1,1,,,,Ä°STANBUL,Marmara,---,---,---,67.481,67.481,850.328,850.328,,,,"% 100,0",39,,"% 7,7","% 43,6","% 69,2","7,9",,"15,0","% 0,0","% 0,0","% 0,0",,9,7,16,8,60
2024,Ä°STANBUL KÃœLTÃœR ÃœNÄ°VERSÄ°TESÄ°,vakýf,EÄŸitim FakÃ¼ltesi,Ä°ngilizce Ã–ÄŸretmenliÄŸi,203090127,DÄ°L,Ä°ngilizce,50,38,38,,,,Ä°STANBUL,Marmara,---,---,---,69.956,17.376,765.213,1.790.453,,,"% 31,6","% 76,3",168,,"% 11,3","% 33,9","% 76,8","6,5",,"3,2","% 26,3","% 63,2","% 100,0",,60,318,383,215,171
2024,Ä°STANBUL SABAHATTÄ°N ZAÄ°M ÃœNÄ°VERSÄ°TESÄ°,vakýf,EÄŸitim FakÃ¼ltesi,Ä°ngilizce Ã–ÄŸretmenliÄŸi,203211326,DÄ°L,,25,40,40,,,,Ä°STANBUL,Marmara,---,---,---,70.613,23.806,741.077,1.493.698,,,"% 12,5","% 92,5",236,,"% 32,6","% 60,2","% 88,1","4,4",,"1,9","% 65,0","% 92,5","% 97,5",,100,217,317,165,39
2024,Ã‡ANKAYA ÃœNÄ°VERSÄ°TESÄ°,vakýf,Fen-Edebiyat FakÃ¼ltesi,Ä°ngilizce MÃ¼tercim ve TercÃ¼manlÄ±k,201190056,DÄ°L,,50,37,37,,,,ANKARA ,,---,---,---,71.192,15.298,743,1.606.445,,,"% 40,5",,193,,"% 3,1","% 17,1","% 72,0","8,2",,"4,8","% 13,5","% 48,6","% 91,9",,123,254,378,137,119
2024,Ä°STANBUL OKAN ÃœNÄ°VERSÄ°TESÄ°,vakýf,EÄŸitim FakÃ¼ltesi,Ä°ngilizce Ã–ÄŸretmenliÄŸi,204712216,DÄ°L,,50,42,42,,,,Ä°STANBUL,Marmara,---,---,---,72.877,35.822,902.213,1.822.238,,,"% 45,2","% 69,0",237,,"% 11,0","% 37,6","% 75,1","7,0",,"4,6","% 14,3","% 66,7","% 88,1",,131,222,365,204,171
2024,HASAN KALYONCU ÃœNÄ°VERSÄ°TESÄ°,vakýf,EÄŸitim FakÃ¼ltesi,Ä°ngilizce Ã–ÄŸretmenliÄŸi,201650171,DÄ°L,Ä°ngilizce,0,18,18,,,,GAZÄ°ANTEP,GÃ¼neydoÄŸu Anadolu,---,---,---,74.547,25.215,642.623,1.318.095,,,"% 44,4","% 66,7",108,,"% 9,3","% 45,4","% 75,0","6,5",,"5,9","% 0,0","% 44,4","% 83,3",,144,80,224,113,111
2024,Ä°STANBUL ATLAS ÃœNÄ°VERSÄ°TESÄ°,vakýf,Ä°nsan ve Toplum Bilimleri FakÃ¼ltesi,Ä°ngilizce MÃ¼tercim ve TercÃ¼manlÄ±k,209310011,DÄ°L,,50,38,38,,,,Ä°STANBUL,Marmara,---,---,---,74.549,24.253,811.448,1.524.470,,,"% 7,9","% 94,7",336,,"% 7,1","% 31,0","% 82,1","6,1",,"2,6","% 36,8","% 71,1","% 100,0",,56,212,268,148,103
2024,TED ÃœNÄ°VERSÄ°TESÄ°,vakýf,Fen-Edebiyat FakÃ¼ltesi,Ä°ngiliz Dili ve EdebiyatÄ±,206710521,DÄ°L,Ä°ngilizce,0,5,5,,,,ANKARA ,,---,---,---,74.978,60.655,1.031.249,2.484.495,,,"% 60,0",,68,,"% 4,4","% 16,2","% 58,8","9,9",,"4,8","% 0,0","% 40,0","% 100,0",,16,39,55,17,36
2024,Ä°STANBUL BÄ°LGÄ° ÃœNÄ°VERSÄ°TESÄ°,vakýf,Sosyal ve BeÅŸeri Bilimler FakÃ¼ltesi,Ä°ngiliz Dili ve EdebiyatÄ±,202590197,DÄ°L,Ä°ngilizce,50,59,59,,,,Ä°STANBUL,Marmara,---,---,---,76.175,17.954,833.721,1.872.904,,,"% 13,6","% 89,8",289,,"% 7,3","% 32,9","% 72,3","7,1",,"4,1","% 22,0","% 67,8","% 93,2",,76,449,528,223,163
2024,YEDÄ°TEPE ÃœNÄ°VERSÄ°TESÄ°,vakýf,Fen-Edebiyat FakÃ¼ltesi,Ã‡eviribilimi,206190362,DÄ°L,Ä°ngilizce,0,8,8,,,,Ä°STANBUL ,,---,---,---,79.652,9.295,880.811,1.960.334,,,"% 37,5",,54,,"% 0,0","% 13,0","% 74,1","7,6",,"4,5","% 0,0","% 37,5","% 100,0",,15,95,110,18,56
2024,Ä°STANBUL AYDIN ÃœNÄ°VERSÄ°TESÄ°,vakýf,Fen-Edebiyat FakÃ¼ltesi,Ä°ngiliz Dili ve EdebiyatÄ±,202410026,DÄ°L,Ä°ngilizce,50,81,81,,,,Ä°STANBUL,Marmara,---,---,---,79.711,22.283,790.633,1.599.238,,,"% 18,5","% 85,2",700,,"% 8,4","% 33,0","% 79,7","6,6",,"4,7","% 12,3","% 56,8","% 91,4",,279,483,770,292,306
2024,ANKARA BÄ°LÄ°M ÃœNÄ°VERSÄ°TESÄ°,vakýf,Ä°nsan ve Toplum Bilimleri FakÃ¼ltesi,Ä°ngilizce MÃ¼tercim ve TercÃ¼manlÄ±k,209510037,DÄ°L,,50,34,34,,,,ANKARA,Ä°Ã§ Anadolu,---,---,---,80.757,20.993,801.262,1.990.610,,,"% 41,2","% 67,6",180,,"% 11,7","% 39,4","% 71,1","7,1",,"4,1","% 23,5","% 73,5","% 91,2",,167,165,336,153,68
2024,Ä°STANBUL ATLAS ÃœNÄ°VERSÄ°TESÄ°,vakýf,Ä°nsan ve Toplum Bilimleri FakÃ¼ltesi,Ä°ngiliz Dili ve EdebiyatÄ±,209310049,DÄ°L,Ä°ngilizce,50,30,30,,,,Ä°STANBUL,Marmara,---,---,---,88.158,21.97,995.97,1.871.105,,,"% 16,7","% 96,7",295,,"% 5,8","% 27,5","% 81,7","6,4",,"4,1","% 23,3","% 43,3","% 96,7",,69,200,269,109,64
2024,Ä°STANBUL 29 MAYIS ÃœNÄ°VERSÄ°TESÄ°,vakýf,Edebiyat FakÃ¼ltesi,ArapÃ§a MÃ¼tercim ve TercÃ¼manlÄ±k,202210341,DÄ°L,,50,42,42,,,,Ä°STANBUL,Marmara,---,---,---,88.439,32.04,1.019.775,2.210.629,,,"% 9,5","% 92,9",140,,"% 19,3","% 67,1","% 93,6","3,8",,"2,4","% 26,2","% 88,1","% 100,0",,96,151,248,96,31
2024,BAÅžKENT ÃœNÄ°VERSÄ°TESÄ°,vakýf,Fen-Edebiyat FakÃ¼ltesi,Ä°ngilizce MÃ¼tercim ve TercÃ¼manlÄ±k,200690489,DÄ°L,,0,5,5,,,,ANKARA ,,---,---,---,88.607,56.671,805.15,972.879,,,"% 40,0",,67,,"% 1,5","% 7,5","% 56,7","9,5",,"6,8","% 0,0","% 40,0","% 60,0",,18,56,76,30,10
2024,Ä°STANBUL SABAHATTÄ°N ZAÄ°M ÃœNÄ°VERSÄ°TESÄ°,vakýf,EÄŸitim FakÃ¼ltesi,Ä°ngilizce Ã–ÄŸretmenliÄŸi,203211319,DÄ°L,,0,14,14,,,,Ä°STANBUL,Marmara,---,---,---,92.543,73.777,967.847,1.500.513,,,"% 35,7","% 71,4",73,,"% 6,8","% 45,2","% 86,3","5,5",,"3,2","% 0,0","% 50,0","% 100,0",,39,108,148,85,8
2024,Ä°STÄ°NYE ÃœNÄ°VERSÄ°TESÄ°,vakýf,Ä°nsan ve Toplum Bilimleri FakÃ¼ltesi,Ä°ngilizce MÃ¼tercim ve TercÃ¼manlÄ±k,208450827,DÄ°L,,50,42,42,,,,Ä°STANBUL ,,---,---,---,94.951,24.932,1.052.942,1.790.663,,,"% 14,3",,273,,"% 8,1","% 28,9","% 77,7","6,8",,"2,8","% 38,1","% 73,8","% 100,0",,48,334,382,201,146
2024,BAÅžKENT ÃœNÄ°VERSÄ°TESÄ°,vakýf,Fen-Edebiyat FakÃ¼ltesi,Amerikan KÃ¼ltÃ¼rÃ¼ ve EdebiyatÄ±,200610206,DÄ°L,Ä°ngilizce,50,34,34,,,,ANKARA ,,---,---,---,95.043,26.981,1.018.621,2.136.770,,,"% 26,5",,185,,"% 6,5","% 20,5","% 65,4","8,1",,"3,8","% 29,4","% 67,6","% 91,2",,81,199,288,57,114
2024,MALTEPE ÃœNÄ°VERSÄ°TESÄ°,vakýf,EÄŸitim FakÃ¼ltesi,Ä°ngilizce Ã–ÄŸretmenliÄŸi,204190404,DÄ°L,Ä°ngilizce,0,31,31,,,,Ä°STANBUL ,,---,---,---,97.081,45.256,950.51,1.858.130,,,"% 25,8",,155,,"% 11,0","% 41,9","% 74,2","6,2",,"3,3","% 6,5","% 64,5","% 96,8",,29,271,305,157,64
2024,FENERBAHÃ‡E ÃœNÄ°VERSÄ°TESÄ°,vakýf,"Ä°ktisadi, Ä°dari ve Sosyal Bilimler FakÃ¼ltesi",Ä°ngiliz Dili ve EdebiyatÄ±,209010075,DÄ°L,Ä°ngilizce,50,48,48,,,,Ä°STANBUL ,,---,---,---,97.37,20.53,1.021.056,2.595.965,,,"% 20,8",,238,,"% 18,9","% 35,3","% 73,5","6,9",,"2,6","% 50,0","% 81,3","% 95,8",,131,322,457,186,107
2024,BAÅžKENT ÃœNÄ°VERSÄ°TESÄ°,vakýf,EÄŸitim FakÃ¼ltesi,Ä°ngilizce Ã–ÄŸretmenliÄŸi,200610075,DÄ°L,,0,7,7,,,,ANKARA ,,---,---,---,98.055,50.893,1.109.074,1.600.882,,,"% 71,4",,93,,"% 3,2","% 29,0","% 66,7","8,2",,"3,7","% 0,0","% 42,9","% 100,0",,11,69,80,38,55
2024,Ä°STANBUL YENÄ° YÃœZYIL ÃœNÄ°VERSÄ°TESÄ°,vakýf,Fen-Edebiyat FakÃ¼ltesi,Ä°ngiliz Dili ve EdebiyatÄ±,206210325,DÄ°L,Ä°ngilizce,50,47,47,,,,Ä°STANBUL,Marmara,---,---,---,103.079,27.925,850.196,1.633.314,,,"% 19,1","% 85,1",164,,"% 7,9","% 38,4","% 80,5","6,4",,"3,1","% 27,7","% 78,7","% 97,9",,139,330,485,175,159
2024,TOBB EKONOMÄ° VE TEKNOLOJÄ° ÃœNÄ°VERSÄ°TESÄ°,vakýf,Fen-Edebiyat FakÃ¼ltesi,Ä°ngiliz Dili ve EdebiyatÄ±,205490114,DÄ°L,Ä°ngilizce,0,7,7,,,,ANKARA ,,---,---,---,104.395,6.611,1.339.987,2.442.043,,,"% 57,1",,44,,"% 0,0","% 11,4","% 52,3","9,6",,"5,0","% 0,0","% 28,6","% 85,7",,23,60,84,35,10
2024,TED ÃœNÄ°VERSÄ°TESÄ°,vakýf,EÄŸitim FakÃ¼ltesi,Ä°ngilizce Ã–ÄŸretmenliÄŸi,206710479,DÄ°L,Ä°ngilizce,0,6,6,,,,ANKARA ,,---,---,---,105.532,52.431,1.058.559,1.567.624,,,"% 50,0",,61,,"% 1,6","% 23,0","% 67,2","8,6",,"4,5","% 0,0","% 66,7","% 100,0",,10,45,55,30,34
2024,YAÅžAR ÃœNÄ°VERSÄ°TESÄ°,vakýf,Ä°nsan ve Toplum Bilimleri FakÃ¼ltesi,Ä°ngilizce MÃ¼tercim ve TercÃ¼manlÄ±k,206090360,DÄ°L,,0,12,12,,,,Ä°ZMÄ°R,Ege,---,---,---,106.921,58.553,1.088.689,1.990.249,,,"% 16,7","% 91,7",74,,"% 2,7","% 17,6","% 66,2","7,9",,"5,8","% 16,7","% 50,0","% 83,3",,72,70,142,46,30
2024,Ä°STANBUL TOPKAPI ÃœNÄ°VERSÄ°TESÄ°,vakýf,"Ä°ktisadi, Ä°dari ve Sosyal Bilimler FakÃ¼ltesi",Ä°ngilizce MÃ¼tercim ve TercÃ¼manlÄ±k,205090233,DÄ°L,,50,26,26,,,,Ä°STANBUL,Marmara,---,---,---,108.21,35.89,957.404,1.752.930,,,"% 11,5","% 96,2",190,,"% 1,1","% 15,8","% 77,4","7,2",,"3,7","% 3,8","% 57,7","% 96,2",,49,215,266,131,22
2024,Ä°STANBUL OKAN ÃœNÄ°VERSÄ°TESÄ°,vakýf,Ä°nsan ve Toplum Bilimleri FakÃ¼ltesi,Ä°ngilizce MÃ¼tercim ve TercÃ¼manlÄ±k,204790534,DÄ°L,,50,64,64,,,,Ä°STANBUL,Marmara,---,---,---,108.511,23.94,993.444,2.232.570,,,"% 29,7","% 98,4",290,,"% 6,2","% 33,1","% 73,4","7,1",,"3,0","% 21,9","% 76,6","% 95,3",,149,384,545,234,143
2024,YAÅžAR ÃœNÄ°VERSÄ°TESÄ°,vakýf,Ä°nsan ve Toplum Bilimleri FakÃ¼ltesi,Ä°ngiliz Dili ve EdebiyatÄ±,206011167,DÄ°L,Ä°ngilizce,0,9,9,,,,Ä°ZMÄ°R,Ege,---,---,---,108.871,53.652,1.097.225,1.317.614,,,"% 22,2","% 77,8",42,,"% 0,0","% 11,9","% 64,3","8,9",,"7,3","% 0,0","% 22,2","% 77,8",,48,59,112,31,19
2024,Ã‡ANKAYA ÃœNÄ°VERSÄ°TESÄ°,vakýf,Fen-Edebiyat FakÃ¼ltesi,Ä°ngiliz Dili ve EdebiyatÄ±,201110474,DÄ°L,Ä°ngilizce,50,30,30,,,,ANKARA ,,---,---,---,110.117,32.85,949.882,2.173.967,,,"% 36,7",,163,,"% 0,0","% 16,0","% 64,4","9,3",,"5,5","% 0,0","% 43,3","% 86,7",,112,250,365,145,94
2024,Ä°STANBUL BÄ°LGÄ° ÃœNÄ°VERSÄ°TESÄ°,vakýf,Sosyal ve BeÅŸeri Bilimler FakÃ¼ltesi,KarÅŸÄ±laÅŸtÄ±rmalÄ± Edebiyat,202510758,DÄ°L,Ä°ngilizce,50,29,29,,,,Ä°STANBUL,Marmara,---,---,---,115.657,6.399,1.052.304,2.202.385,,,"% 13,8","% 86,2",93,,"% 2,2","% 30,1","% 72,0","7,1",,"3,7","% 6,9","% 62,1","% 96,6",,61,211,275,44,90
2024,DOÄžUÅž ÃœNÄ°VERSÄ°TESÄ°,vakýf,Fen-Edebiyat FakÃ¼ltesi,Ä°ngilizce MÃ¼tercim ve TercÃ¼manlÄ±k,201290432,DÄ°L,,50,65,65,,,,Ä°STANBUL ,,---,---,---,117.126,15.827,1.147.331,2.533.256,,,"% 16,9",,327,,"% 8,9","% 34,6","% 77,4","6,6",,"3,2","% 32,3","% 76,9","% 95,4",,104,480,592,211,110
2024,Ä°STANBUL GELÄ°ÅžÄ°M ÃœNÄ°VERSÄ°TESÄ°,vakýf,UygulamalÄ± Bilimler FakÃ¼ltesi,Ä°ngilizce MÃ¼tercim ve TercÃ¼manlÄ±k,202790580,DÄ°L,,50,48,48,,,,Ä°STANBUL,Marmara,---,---,---,117.71,24.841,1.027.814,2.038.441,,,"% 22,9","% 81,3",355,,"% 8,5","% 30,7","% 76,9","6,7",,"3,3","% 16,7","% 64,6","% 100,0",,72,359,436,219,122
2024,BAHÃ‡EÅžEHÄ°R ÃœNÄ°VERSÄ°TESÄ°,vakýf,EÄŸitim Bilimleri FakÃ¼ltesi,Ä°ngilizce Ã–ÄŸretmenliÄŸi,200511108,DÄ°L,Ä°ngilizce,0,27,27,,,,Ä°STANBUL ,,---,---,---,122.698,32.579,1.277.060,2.164.731,,,"% 29,6",,122,,"% 10,7","% 21,3","% 68,9","7,9",,"4,6","% 14,8","% 40,7","% 88,9",,33,254,300,140,156
2024,Ä°STANBUL AREL ÃœNÄ°VERSÄ°TESÄ°,vakýf,Fen-Edebiyat FakÃ¼ltesi,Ä°ngilizce MÃ¼tercim ve TercÃ¼manlÄ±k,202390198,DÄ°L,,50,24,24,,,,Ä°STANBUL,Marmara,---,---,---,127.03,67.093,1.159.324,1.975.812,,,"% 37,5","% 75,0",198,,"% 5,1","% 18,7","% 69,2","7,9",,"3,9","% 25,0","% 54,2","% 95,8",,48,256,304,155,125
2024,HALÄ°Ã‡ ÃœNÄ°VERSÄ°TESÄ°,vakýf,Fen-Edebiyat FakÃ¼ltesi,Ä°ngilizce MÃ¼tercim ve TercÃ¼manlÄ±k,201990727,DÄ°L,,25,57,57,,,,Ä°STANBUL,Marmara,---,---,---,127.122,21.649,919.902,1.959.174,,,,"% 100,0",200,,"% 15,5","% 40,0","% 80,0","6,8",,"2,2","% 50,9","% 86,0","% 100,0",,94,431,527,291,
2024,Ä°STANBUL 29 MAYIS ÃœNÄ°VERSÄ°TESÄ°,vakýf,EÄŸitim FakÃ¼ltesi,ArapÃ§a Ã–ÄŸretmenliÄŸi,202210345,DÄ°L,,50,51,51,,,,Ä°STANBUL,Marmara,---,---,---,129.458,41.989,1.238.193,2.514.463,,,"% 23,5","% 84,3",109,,"% 21,1","% 72,5","% 94,5","3,5",,"2,3","% 33,3","% 94,1","% 98,0",,183,201,385,113,126
2024,ANKARA BÄ°LÄ°M ÃœNÄ°VERSÄ°TESÄ°,vakýf,Ä°nsan ve Toplum Bilimleri FakÃ¼ltesi,Ä°ngilizce MÃ¼tercim ve TercÃ¼manlÄ±k,209510035,DÄ°L,,0,7,7,,,,ANKARA,Ä°Ã§ Anadolu,---,---,---,130.027,96.165,1.144.258,1.887.639,,,"% 57,1","% 42,9",64,,"% 1,6","% 18,8","% 53,1","9,8",,"7,3","% 14,3","% 42,9","% 71,4",,30,75,107,44,33
2024,KAPADOKYA ÃœNÄ°VERSÄ°TESÄ°,vakýf,BeÅŸeri Bilimler FakÃ¼ltesi,Ä°ngilizce MÃ¼tercim ve TercÃ¼manlÄ±k,203851893,DÄ°L,,50,51,51,,,,NEVÅžEHÄ°R,Ä°Ã§ Anadolu,---,---,---,131.074,34.026,1.069.601,1.972.895,,,"% 92,2","% 41,2",180,,"% 11,1","% 50,0","% 73,9","7,0",,"3,8","% 37,3","% 78,4","% 92,2",,311,234,563,194,134
2024,YAÅžAR ÃœNÄ°VERSÄ°TESÄ°,vakýf,UygulamalÄ± Bilimler YÃ¼ksekokulu,Turizm RehberliÄŸi,206010999,DÄ°L,Ä°ngilizce,0,3,3,,,,Ä°ZMÄ°R,Ege,---,---,---,77.578,65.1,,,,,"% 66,7","% 100,0",24,,"% 0,0","% 20,8","% 62,5","8,4",,"6,0","% 0,0","% 33,3","% 100,0",,8,15,24,5,13
2024,Ã‡AÄž ÃœNÄ°VERSÄ°TESÄ°,vakýf,Fen-Edebiyat FakÃ¼ltesi,Ä°ngilizce MÃ¼tercim ve TercÃ¼manlÄ±k,201050718,DÄ°L,,50,76,76,,,,MERSÄ°N,Akdeniz,---,---,---,132.536,37.537,1.031.061,2.612.359,,,"% 71,1","% 92,1",134,,"% 12,7","% 36,6","% 78,4","6,9",,"5,0","% 21,1","% 50,0","% 89,5",,402,259,664,288,253
2024,DOÄžUÅž ÃœNÄ°VERSÄ°TESÄ°,vakýf,Fen-Edebiyat FakÃ¼ltesi,Ä°ngiliz Dili ve EdebiyatÄ±,201290425,DÄ°L,Ä°ngilizce,50,51,51,,,,Ä°STANBUL ,,---,---,---,132.589,19.622,1.228.944,2.528.739,,,"% 13,7",,242,,"% 8,3","% 36,8","% 76,4","6,8",,"3,8","% 23,5","% 72,5","% 96,1",,118,363,481,215,142
2024,KAPADOKYA ÃœNÄ°VERSÄ°TESÄ°,vakýf,BeÅŸeri Bilimler FakÃ¼ltesi,Ä°ngiliz Dili ve EdebiyatÄ±,203851838,DÄ°L,Ä°ngilizce,50,55,55,,,,NEVÅžEHÄ°R,Ä°Ã§ Anadolu,---,---,---,133.882,35.52,883.763,2.105.645,,,"% 92,7","% 78,2",152,,"% 13,8","% 44,1","% 69,1","7,5",,"5,7","% 29,1","% 65,5","% 80,0",,377,188,567,277,181
2024,Ä°STÄ°NYE ÃœNÄ°VERSÄ°TESÄ°,vakýf,Ä°nsan ve Toplum Bilimleri FakÃ¼ltesi,Ä°ngiliz Dili ve EdebiyatÄ±,208450825,DÄ°L,Ä°ngilizce,50,34,34,,,,Ä°STANBUL ,,---,---,---,134.736,25.498,1.201.371,2.407.009,,,"% 8,8",,271,,"% 3,0","% 17,3","% 70,5","8,4",,"3,7","% 20,6","% 64,7","% 97,1",,35,284,320,143,146
2024,Ä°STANBUL KÃœLTÃœR ÃœNÄ°VERSÄ°TESÄ°,vakýf,EÄŸitim FakÃ¼ltesi,Ä°ngilizce Ã–ÄŸretmenliÄŸi,203090139,DÄ°L,Ä°ngilizce,0,4,4,,,,Ä°STANBUL,Marmara,---,---,---,134.757,73.654,1.143.714,1.855.573,,,,"% 100,0",21,,"% 0,0","% 19,0","% 66,7","9,7",,"8,0","% 0,0","% 25,0","% 75,0",,18,57,75,55,39
2024,BAHÃ‡EÅžEHÄ°R ÃœNÄ°VERSÄ°TESÄ°,vakýf,"Ä°ktisadi, Ä°dari ve Sosyal Bilimler FakÃ¼ltesi",Ä°ngilizce MÃ¼tercim ve TercÃ¼manlÄ±k,200590257,DÄ°L,,0,19,19,,,,Ä°STANBUL ,,---,---,---,139.834,26.983,1.142.622,1.693.040,,,"% 47,4",,94,,"% 4,3","% 18,1","% 64,9","8,8",,"4,6","% 10,5","% 63,2","% 84,2",,4,194,203,70,
2024,Ä°STANBUL GELÄ°ÅžÄ°M ÃœNÄ°VERSÄ°TESÄ°,vakýf,"Ä°ktisadi, Ä°dari ve Sosyal Bilimler FakÃ¼ltesi",Ä°ngiliz Dili ve EdebiyatÄ±,202712522,DÄ°L,Ä°ngilizce,50,68,68,,,,Ä°STANBUL,Marmara,---,---,---,144.018,44.936,1.358.605,2.427.320,,,"% 20,6","% 83,8",267,,"% 4,9","% 25,5","% 74,9","7,2",,"3,9","% 16,2","% 55,9","% 94,1",,152,541,703,277,280
2024,Ä°STANBUL AREL ÃœNÄ°VERSÄ°TESÄ°,vakýf,Fen-Edebiyat FakÃ¼ltesi,Ä°ngiliz Dili ve EdebiyatÄ±,202391018,DÄ°L,Ä°ngilizce,0,2,2,,,,Ä°STANBUL,Marmara,---,---,---,146.591,139.852,1.749.841,1.781.568,,,"% 100,0","% 100,0",18,,"% 0,0","% 0,0","% 33,3","13,2",,"8,5","% 0,0","% 0,0","% 100,0",,21,5,26,8,
2024,HALÄ°Ã‡ ÃœNÄ°VERSÄ°TESÄ°,vakýf,Fen-Edebiyat FakÃ¼ltesi,Ä°ngilizce MÃ¼tercim ve TercÃ¼manlÄ±k,201990720,DÄ°L,,0,8,8,,,,Ä°STANBUL,Marmara,---,---,---,146.639,82.428,1.712.105,2.305.447,,,"% 25,0","% 87,5",44,,"% 2,3","% 20,5","% 61,4","9,2",,"4,8","% 12,5","% 50,0","% 87,5",,17,71,89,32,
2024,Ä°STANBUL AREL ÃœNÄ°VERSÄ°TESÄ°,vakýf,Fen-Edebiyat FakÃ¼ltesi,Ä°ngilizce MÃ¼tercim ve TercÃ¼manlÄ±k,202390619,DÄ°L,,0,1,1,,,,Ä°STANBUL,Marmara,---,---,---,148.284,148.284,2.045.688,2.045.688,,,,"% 100,0",23,,"% 0,0","% 4,3","% 30,4","11,7",,"4,0","% 0,0","% 0,0","% 100,0",,---,19,19,13,17
2024,Ä°STANBUL KÃœLTÃœR ÃœNÄ°VERSÄ°TESÄ°,vakýf,Fen-Edebiyat FakÃ¼ltesi,Ä°ngiliz Dili ve EdebiyatÄ±,203010054,DÄ°L,Ä°ngilizce,50,76,76,,,,Ä°STANBUL,Marmara,---,---,---,148.871,39.789,1.343.850,2.519.089,,,"% 14,5","% 90,8",324,,"% 10,5","% 27,2","% 63,9","8,1",,"2,5","% 42,1","% 81,6","% 98,7",,93,562,670,295,261
2024,ATILIM ÃœNÄ°VERSÄ°TESÄ°,vakýf,Fen-Edebiyat FakÃ¼ltesi,Ä°ngiliz Dili ve EdebiyatÄ±,200210034,DÄ°L,Ä°ngilizce,50,42,41,,,,ANKARA ,,---,---,---,DolmadÄ±,28.057,1.098.483,2.428.065,,,"% 36,6",,193,,"% 4,1","% 17,6","% 63,2","8,6",,"4,7","% 19,5","% 48,8","% 87,8",,140,303,444,163,137
2024,ATILIM ÃœNÄ°VERSÄ°TESÄ°,vakýf,Fen-Edebiyat FakÃ¼ltesi,Ä°ngilizce MÃ¼tercim ve TercÃ¼manlÄ±k,200290264,DÄ°L,,25,42,41,,,,ANKARA ,,---,---,---,DolmadÄ±,49.399,1.214.454,2.403.456,,,"% 29,3",,142,,"% 8,5","% 26,8","% 64,8","8,0",,"4,0","% 29,3","% 68,3","% 90,2",,80,317,408,164,85
2024,AVRASYA ÃœNÄ°VERSÄ°TESÄ°,vakýf,Fen-Edebiyat FakÃ¼ltesi,Ä°ngiliz Dili ve EdebiyatÄ±,200390154,DÄ°L,,50,42,39,,,,TRABZON ,,---,---,---,DolmadÄ±,42.441,1.120.415,2.434.735,,,"% 56,4",,91,,"% 12,1","% 38,5","% 70,3","7,9",,"5,9","% 28,2","% 66,7","% 79,5",,253,146,401,190,101
2024,AVRASYA ÃœNÄ°VERSÄ°TESÄ°,vakýf,Fen-Edebiyat FakÃ¼ltesi,Ä°ngilizce MÃ¼tercim ve TercÃ¼manlÄ±k,200390221,DÄ°L,,50,42,32,,,,TRABZON ,,---,---,---,DolmadÄ±,40.446,1.101.506,2.041.362,,,"% 71,9",,83,,"% 10,8","% 38,6","% 77,1","6,6",,"3,4","% 28,1","% 65,6","% 96,9",,148,144,296,120,26
2024,BAÅžKENT ÃœNÄ°VERSÄ°TESÄ°,vakýf,Fen-Edebiyat FakÃ¼ltesi,Amerikan KÃ¼ltÃ¼rÃ¼ ve EdebiyatÄ±,200610199,DÄ°L,Ä°ngilizce,0,4,3,,,,ANKARA ,,---,---,---,DolmadÄ±,109.29,1.221.448,1.933.547,,,"% 33,3",,29,,"% 0,0","% 6,9","% 51,7","9,6",,"11,3","% 0,0","% 0,0","% 66,7",,7,34,41,10,32
2024,FATÄ°H SULTAN MEHMET VAKIF ÃœNÄ°VERSÄ°TESÄ°,vakýf,EÄŸitim FakÃ¼ltesi,ArapÃ§a Ã–ÄŸretmenliÄŸi,201490083,DÄ°L,,50,25,8,,,,Ä°STANBUL ,,---,---,---,DolmadÄ±,69.603,1.420.772,2.400.961,,,"% 12,5",,39,,"% 15,4","% 51,3","% 82,1","5,6",,"1,4","% 75,0","% 100,0","% 100,0",,7,34,41,18,64
2024,FATÄ°H SULTAN MEHMET VAKIF ÃœNÄ°VERSÄ°TESÄ°,vakýf,Ä°nsan ve Toplum Bilimleri FakÃ¼ltesi,Ä°ngilizce MÃ¼tercim ve TercÃ¼manlÄ±k,201490092,DÄ°L,,50,51,37,,,,Ä°STANBUL ,,---,---,---,DolmadÄ±,20.679,1.077.945,2.330.096,,,"% 16,2",,118,,"% 8,5","% 28,8","% 77,1","7,0",,"4,3","% 27,0","% 56,8","% 91,9",,105,300,407,214,62
2024,HALÄ°Ã‡ ÃœNÄ°VERSÄ°TESÄ°,vakýf,Fen-Edebiyat FakÃ¼ltesi,Amerikan KÃ¼ltÃ¼rÃ¼ ve EdebiyatÄ±,201910015,DÄ°L,Ä°ngilizce,0,8,3,,,,Ä°STANBUL,Marmara,---,---,---,DolmadÄ±,47.934,1.321.983,1.710.437,,,,"% 100,0",20,,"% 5,0","% 20,0","% 60,0","9,7",,"3,7","% 33,3","% 66,7","% 100,0",,17,24,41,5,15
2024,HALÄ°Ã‡ ÃœNÄ°VERSÄ°TESÄ°,vakýf,Fen-Edebiyat FakÃ¼ltesi,Amerikan KÃ¼ltÃ¼rÃ¼ ve EdebiyatÄ±,201910518,DÄ°L,Ä°ngilizce,25,57,27,,,,Ä°STANBUL,Marmara,---,---,---,DolmadÄ±,31.395,1.294.681,2.631.600,,,"% 11,1","% 88,9",100,,"% 14,0","% 35,0","% 71,0","7,7",,"2,4","% 51,9","% 81,5","% 100,0",,33,213,252,41,
2024,Ä°STANBUL AREL ÃœNÄ°VERSÄ°TESÄ°,vakýf,Fen-Edebiyat FakÃ¼ltesi,Ä°ngiliz Dili ve EdebiyatÄ±,202391025,DÄ°L,Ä°ngilizce,50,23,15,,,,Ä°STANBUL,Marmara,---,---,---,DolmadÄ±,33.021,1.472.837,2.650.186,,,"% 6,7","% 93,3",100,,"% 1,0","% 11,0","% 58,0","9,3",,"5,1","% 6,7","% 40,0","% 86,7",,43,122,165,63,
2024,Ä°STANBUL AYDIN ÃœNÄ°VERSÄ°TESÄ°,vakýf,EÄŸitim FakÃ¼ltesi,ArapÃ§a Ã–ÄŸretmenliÄŸi,202412243,DÄ°L,,50,17,10,,,,Ä°STANBUL,Marmara,---,---,---,DolmadÄ±,39.484,1.900.867,2.536.356,,,"% 30,0","% 70,0",28,,"% 10,7","% 35,7","% 85,7","5,6",,"4,0","% 30,0","% 70,0","% 90,0",,60,56,116,36,37
2024,Ä°STANBUL BEYKENT ÃœNÄ°VERSÄ°TESÄ°,vakýf,Fen-Edebiyat FakÃ¼ltesi,Ä°ngiliz Dili ve EdebiyatÄ±,210301214,DÄ°L,,50,76,28,,,,Ä°STANBUL,Marmara,---,---,---,DolmadÄ±,22.891,1.397.039,2.604.684,,,"% 25,0","% 85,7",255,,"% 2,4","% 19,2","% 66,7","8,5",,"3,5","% 21,4","% 71,4","% 92,9",,67,248,318,157,235
2024,Ä°STANBUL BEYKENT ÃœNÄ°VERSÄ°TESÄ°,vakýf,Fen-Edebiyat FakÃ¼ltesi,Ä°ngilizce MÃ¼tercim ve TercÃ¼manlÄ±k,210301228,DÄ°L,,50,76,70,,,,Ä°STANBUL,Marmara,---,---,---,DolmadÄ±,40.838,1.411.200,2.649.759,,,"% 27,1","% 84,3",326,,"% 6,4","% 23,6","% 69,0","7,6",,"3,1","% 30,0","% 70,0","% 97,1",,124,628,758,333,109
2024,Ä°STANBUL BEYKENT ÃœNÄ°VERSÄ°TESÄ°,vakýf,Fen-Edebiyat FakÃ¼ltesi,RusÃ§a MÃ¼tercim ve TercÃ¼manlÄ±k,210301270,DÄ°L,,50,17,12,,,,Ä°STANBUL,Marmara,---,---,---,DolmadÄ±,44.115,1.243.597,2.692.112,,,"% 41,7","% 66,7",46,,"% 4,3","% 41,3","% 69,6","7,2",,"2,4","% 16,7","% 83,3","% 100,0",,57,67,124,20,53
2024,Ä°STANBUL GELÄ°ÅžÄ°M ÃœNÄ°VERSÄ°TESÄ°,vakýf,"Ä°ktisadi, Ä°dari ve Sosyal Bilimler FakÃ¼ltesi",Turizm RehberliÄŸi,202712558,DÄ°L,,50,17,16,,,,Ä°STANBUL,Marmara,---,---,---,DolmadÄ±,41.794,1.449.066,2.623.017,,,"% 25,0","% 93,8",91,,"% 0,0","% 17,6","% 58,2","9,1",,"5,9","% 0,0","% 50,0","% 87,5",,78,132,211,37,74
2024,Ä°STANBUL NÄ°ÅžANTAÅžI ÃœNÄ°VERSÄ°TESÄ°,vakýf,"Ä°ktisadi, Ä°dari ve Sosyal Bilimler FakÃ¼ltesi",Ä°ngiliz Dili ve EdebiyatÄ±,210401851,DÄ°L,Ä°ngilizce,50,67,58,,,,Ä°STANBUL,Marmara,---,---,---,DolmadÄ±,25.583,1.168.592,2.420.425,,,"% 20,7","% 89,7",215,,"% 11,2","% 28,4","% 74,0","7,2",,"3,5","% 41,4","% 65,5","% 94,8",,136,362,498,232,184
2024,Ä°STANBUL NÄ°ÅžANTAÅžI ÃœNÄ°VERSÄ°TESÄ°,vakýf,UygulamalÄ± Bilimler YÃ¼ksekokulu,Turizm RehberliÄŸi,210402572,DÄ°L,,50,40,29,,,,Ä°STANBUL,Marmara,---,---,---,DolmadÄ±,26.48,,,,,"% 19,2","% 92,3",77,,"% 11,7","% 44,2","% 80,5","6,2",,"3,3","% 34,6","% 80,8","% 92,3",,73,174,248,36,98
2024,Ä°STANBUL OKAN ÃœNÄ°VERSÄ°TESÄ°,vakýf,Ä°nsan ve Toplum Bilimleri FakÃ¼ltesi,Ã‡ince MÃ¼tercim ve TercÃ¼manlÄ±k,204790532,DÄ°L,,50,38,34,,,,Ä°STANBUL,Marmara,---,---,---,DolmadÄ±,14.246,947.441,1.676.152,,,"% 32,4","% 88,2",63,,"% 17,5","% 63,5","% 77,8","5,7",,"2,8","% 32,4","% 91,2","% 97,1",,115,166,284,49,53
2024,Ä°STANBUL OKAN ÃœNÄ°VERSÄ°TESÄ°,vakýf,Ä°nsan ve Toplum Bilimleri FakÃ¼ltesi,RusÃ§a MÃ¼tercim ve TercÃ¼manlÄ±k,204790530,DÄ°L,,50,30,10,,,,Ä°STANBUL,Marmara,---,---,---,DolmadÄ±,46.707,1.385.984,2.054.558,,,"% 60,0","% 70,0",45,,"% 6,7","% 33,3","% 75,6","6,8",,"4,1","% 30,0","% 60,0","% 100,0",,18,63,81,19,28
2024,Ä°STANBUL SABAHATTÄ°N ZAÄ°M ÃœNÄ°VERSÄ°TESÄ°,vakýf,EÄŸitim FakÃ¼ltesi,ArapÃ§a Ã–ÄŸretmenliÄŸi,203211111,DÄ°L,,50,25,17,,,,Ä°STANBUL,Marmara,---,---,---,DolmadÄ±,44.778,1.416.297,2.728.357,,,"% 17,6","% 82,4",47,,"% 17,0","% 36,2","% 80,9","6,2",,"2,4","% 47,1","% 70,6","% 100,0",,39,96,136,62,88
2024,Ä°STANBUL TOPKAPI ÃœNÄ°VERSÄ°TESÄ°,vakýf,"Ä°ktisadi, Ä°dari ve Sosyal Bilimler FakÃ¼ltesi",Ä°ngiliz Dili ve EdebiyatÄ±,205090030,DÄ°L,Ä°ngilizce,50,68,31,,,,Ä°STANBUL,Marmara,---,---,---,DolmadÄ±,22.693,1.333.580,2.657.395,,,"% 3,2","% 100,0",181,,"% 1,7","% 19,3","% 68,0","7,7",,"3,5","% 9,7","% 61,3","% 96,8",,79,262,344,146,181
2024,KAPADOKYA ÃœNÄ°VERSÄ°TESÄ°,vakýf,UygulamalÄ± Bilimler YÃ¼ksekokulu,Turizm RehberliÄŸi,203852048,DÄ°L,,50,34,28,,,,NEVÅžEHÄ°R,Ä°Ã§ Anadolu,---,---,---,DolmadÄ±,48.944,,,,,"% 58,3","% 70,8",55,,"% 7,3","% 45,5","% 85,5","5,4",,"3,2","% 16,7","% 62,5","% 100,0",,98,101,207,37,21
2024,YEDÄ°TEPE ÃœNÄ°VERSÄ°TESÄ°,vakýf,Fen-Edebiyat FakÃ¼ltesi,Rus Dili ve EdebiyatÄ±,206190328,DÄ°L,RusÃ§a,50,28,25,,,,Ä°STANBUL ,,---,---,---,DolmadÄ±,18.761,1.077.623,1.863.105,,,"% 8,0",,60,,"% 3,3","% 25,0","% 73,3","7,9",,"5,6","% 8,0","% 44,0","% 84,0",,89,218,310,47,79
