academicYear,universityName,faculty,departmentName,idOSYM,programType,language,scholarshipRate,quota,occupiedSlots,tuitionFee,universityFoundingYear,facultyFoundingYear,universityLocation,universityRegion,profCount,assoCount,docCount,baseRanking,topRanking,avgAdmissionRanking(TYT),baseAdmissionRanking(TYT),stdDeviationStudents,revenue,outOfCityStudentRate,sameRegionStudentRate,totalPreference,weightedPreference,top1PreferenceRatio,top3PreferenceRatio,top9PreferenceRatio,avgOrderofPreference,tuitionFeeIncrease,avgAdmittedStudentPrefOrder,top1AdmittedRatio,top3AdmittedRatio,top10AdmittedRatio,admittedPrefTrendRatio,admittedGovPref,admittedPrivPref,admittedTotalPref,admittedTotalDepartmentPref,currentStudentCount
2023,KOÇ ÜNÝVERSÝTESÝ,Ýnsani Bilimler ve Edebiyat Fakültesi,Karþýlaþtýrmalý Edebiyat,203910830,DÝL,English,100,3,3,,,,ÝSTANBUL,Marmara,---,2,3,279,198,2.849,4.154,,,"%50,0","%75,0",149,,"%51,0","%62,4","%83,9","4,7",,"1,3","%75,0","%100,0","%100,0",,2,14,16,4,19
2022,KOÇ ÜNÝVERSÝTESÝ,Ýnsani Bilimler ve Edebiyat Fakültesi,Karþýlaþtýrmalý Edebiyat,203910830,DÝL,English,100,3,3,,,,ÝSTANBUL,Marmara,---,2,4,215,16,5.163,6.359,,,"%33,3","%66,7",165,,"%52,1","%66,1",139,"4,2",,"1,0","%100,0","%100,0","%100,0",,7,11,18,3,17
2021,KOÇ ÜNÝVERSÝTESÝ,Ýnsani Bilimler ve Edebiyat Fakültesi,Karþýlaþtýrmalý Edebiyat,203910830,DÝL,English,100,3,3,,,,ÝSTANBUL,Marmara,---,2,3,606,262,13.389,24.053,,,"%66,7","%33,3",127,,"%51,2","%61,4","%85,8","4,7",,"2,7","%66,7","%66,7","%100,0",,22,17,39,3,7
2023,ÝHSAN DOÐRAMACI BÝLKENT ÜNÝVERSÝTESÝ,Ýnsani Bilimler ve Edebiyat Fakültesi,"Ýngilizce, Fransýzca Mütercim ve Tercümanlýk ",202190179,DÝL,Turkish,100,7,7,,,,ANKARA,Ýç Anadolu,---,1,2,918,441,12.995,28.264,,,"%62,5","%50,0",392,,"%48,2","%68,1","%84,9","4,2",,"1,6","%87,5","%87,5","%100,0",,18,18,36,8,26
2022,ÝHSAN DOÐRAMACI BÝLKENT ÜNÝVERSÝTESÝ,Ýnsani Bilimler ve Edebiyat Fakültesi,"Ýngilizce, Fransýzca Mütercim ve Tercümanlýk ",202190179,DÝL,Turkish,100,8,8,,,,ANKARA,Ýç Anadolu,1,---,4,1.244,76,19.899,33.447,,,"%75,0","%37,5",396,,"%44,7","%66,7",343,"4,0",,"2,3","%75,0","%87,5","%100,0",,27,19,46,8,23
2021,ÝHSAN DOÐRAMACI BÝLKENT ÜNÝVERSÝTESÝ,Ýnsani Bilimler ve Edebiyat Fakültesi,"Ýngilizce, Fransýzca Mütercim ve Tercümanlýk ",202190179,DÝL,Turkish,100,8,8,,,,ANKARA,Ýç Anadolu,1,---,---,1.579,563,29.343,52.205,,,"%50,0","%50,0",354,,"%37,0","%66,4","%90,4","3,8",,"1,8","%75,0","%87,5","%100,0",,32,20,52,10,8
2023,ÝHSAN DOÐRAMACI BÝLKENT ÜNÝVERSÝTESÝ,Ýnsani Bilimler ve Edebiyat Fakültesi,Ýngiliz Dili ve Edebiyatý,202110938,DÝL,English,100,7,7,,,,ANKARA,Ýç Anadolu,---,---,11,1.656,555,28.288,50.211,,,"%88,9","%44,4",346,,"%20,8","%56,4","%86,7","4,7",,"1,6","%55,6","%100,0","%100,0",,20,26,46,15,30
2022,ÝHSAN DOÐRAMACI BÝLKENT ÜNÝVERSÝTESÝ,Ýnsani Bilimler ve Edebiyat Fakültesi,Ýngiliz Dili ve Edebiyatý,202110938,DÝL,English,100,8,8,,,,ANKARA,Ýç Anadolu,1,1,10,2.120,1.329,43.298,72.069,,,"%25,0","%75,0",430,,"%12,8","%44,0",367,"4,9",,"3,3","%37,5","%62,5","%100,0",,25,29,54,15,28
2021,ÝHSAN DOÐRAMACI BÝLKENT ÜNÝVERSÝTESÝ,Ýnsani Bilimler ve Edebiyat Fakültesi,Ýngiliz Dili ve Edebiyatý,202110938,DÝL,English,100,8,8,,,,ANKARA,Ýç Anadolu,1,---,15,3.075,1.323,85.788,113.638,,,"%75,0","%37,5",321,,"%17,1","%50,5","%87,9","4,6",,"4,1","%50,0","%75,0","%87,5",,29,45,74,25,22
2023,ÝHSAN DOÐRAMACI BÝLKENT ÜNÝVERSÝTESÝ,Ýnsani Bilimler ve Edebiyat Fakültesi,Amerikan Kültürü ve Edebiyatý,202110902,DÝL,English,100,5,5,,,,ANKARA,Ýç Anadolu,---,1,9,2.166,1.658,53.321,71.737,,,"%42,9","%71,4",259,,"%10,8","%49,8","%87,3","4,9",,"3,0","%14,3","%85,7","%100,0",,14,29,43,5,22
2022,ÝHSAN DOÐRAMACI BÝLKENT ÜNÝVERSÝTESÝ,Ýnsani Bilimler ve Edebiyat Fakültesi,Amerikan Kültürü ve Edebiyatý,202110902,DÝL,English,100,6,6,,,,ANKARA,Ýç Anadolu,1,1,9,3.248,2.176,56.404,74.960,,,"%33,3","%83,3",238,,"%10,1","%39,9",200,"5,5",,"2,3","%50,0","%83,3","%100,0",,37,39,76,13,18
2021,ÝHSAN DOÐRAMACI BÝLKENT ÜNÝVERSÝTESÝ,Ýnsani Bilimler ve Edebiyat Fakültesi,Amerikan Kültürü ve Edebiyatý,202110902,DÝL,English,100,6,6,,,,ANKARA,Ýç Anadolu,1,1,10,3.646,2.953,115.567,141.869,,,"%33,3","%66,7",196,,"%11,2","%40,3","%89,3","5,0",,"4,3","%16,7","%33,3","%100,0",,36,36,72,11,15
2023,YEDÝTEPE ÜNÝVERSÝTESÝ,Fen-Edebiyat Fakültesi,Çeviribilimi,206190363,DÝL,English,100,12,12,,,,ÝSTANBUL,Marmara,1,---,4,3.986,1.927,88.128,135.754,,,"%69,2","%46,2",262,,"%11,8","%40,8","%84,7","5,4",,"3,1","%15,4","%69,2","%100,0",,80,41,121,22,63
2022,YEDÝTEPE ÜNÝVERSÝTESÝ,Fen-Edebiyat Fakültesi,Çeviribilimi,206190363,DÝL,English,100,14,14,,,,ÝSTANBUL,Marmara,1,1,3,3.485,1.669,89.321,121.157,,,"%71,4","%42,9",389,,"%8,0","%43,2",333,"5,3",,"4,4","%7,1","%71,4","%85,7",,63,65,128,29,59
2021,YEDÝTEPE ÜNÝVERSÝTESÝ,Fen-Edebiyat Fakültesi,Çeviribilimi,206190363,DÝL,English,100,14,14,,,,ÝSTANBUL,Marmara,1,1,4,3.889,2.446,124.673,192.102,,,"%85,7","%35,7",360,,"%10,3","%40,8","%88,9","5,3",,"3,5",%,"%57,1","%100,0",,76,46,122,27,47
2023,TOBB EKONOMÝ VE TEKNOLOJÝ ÜNÝVERSÝTESÝ,Fen-Edebiyat Fakültesi,Ýngiliz Dili ve Edebiyatý,205410486,DÝL,English,100,5,5,,,,ANKARA,Ýç Anadolu,---,---,4,4.086,2.279,60.228,97.461,,,"%66,7","%33,3",189,,"%8,5","%37,0","%69,8","7,0",,"4,8","%16,7","%66,7","%83,3",,30,36,66,16,19
2022,TOBB EKONOMÝ VE TEKNOLOJÝ ÜNÝVERSÝTESÝ,Fen-Edebiyat Fakültesi,Ýngiliz Dili ve Edebiyatý,205410486,DÝL,English,100,6,6,,,,ANKARA,Ýç Anadolu,---,---,5,4.334,2.189,113.783,179.221,,,"%33,3","%83,3",215,,"%7,0","%30,7",168,"6,7",,"3,7","%16,7","%50,0","%100,0",,31,20,51,22,17
2021,TOBB EKONOMÝ VE TEKNOLOJÝ ÜNÝVERSÝTESÝ,Fen-Edebiyat Fakültesi,Ýngiliz Dili ve Edebiyatý,205410486,DÝL,English,100,6,6,,,,ANKARA,Ýç Anadolu,---,---,4,5.923,4.420,170.494,271.415,,,"%100,0","%16,7",142,,"%4,9","%22,5","%74,6","6,8",,"3,7","%16,7","%50,0","%100,0",,36,38,74,28,9
2023,ÝZMÝR EKONOMÝ ÜNÝVERSÝTESÝ,Fen-Edebiyat Fakültesi,Ýngilizce Mütercim ve Tercümanlýk ,203590168,DÝL,Turkish,100,9,9,,,,ÝZMÝR,Ege,2,---,2,4.126,1.388,86.511,150.714,,,"%36,4","%81,8",290,,"%20,3","%40,7","%82,1","5,5",,"3,2","%36,4","%63,6","%100,0",,42,23,65,27,41
2022,ÝZMÝR EKONOMÝ ÜNÝVERSÝTESÝ,Fen-Edebiyat Fakültesi,Ýngilizce Mütercim ve Tercümanlýk ,203590168,DÝL,Turkish,100,10,10,,,,ÝZMÝR,Ege,1,1,3,5.134,958,81.642,174.931,,,"%40,0","%80,0",312,,"%21,2","%43,9",256,"5,6",,"1,7","%70,0","%90,0","%100,0",,51,25,76,34,30
2021,ÝZMÝR EKONOMÝ ÜNÝVERSÝTESÝ,Fen-Edebiyat Fakültesi,Ýngilizce Mütercim ve Tercümanlýk ,203590168,DÝL,Turkish,100,9,9,,,,ÝZMÝR,Ege,1,1,3,4.826,2.552,127.335,214.795,,,"%44,4","%77,8",225,,"%24,0","%47,6","%85,8","5,1",,"3,1","%44,4","%77,8","%100,0",,35,30,65,33,9
2023,YEDÝTEPE ÜNÝVERSÝTESÝ,Eðitim Fakültesi,Ýngilizce Öðretmenliði,206110062,DÝL,English,100,7,7,,,,ÝSTANBUL,Marmara,1,1,5,5.463,4.148,134.063,196.767,,,"%88,9","%66,7",227,,"%7,5","%31,3","%70,0","7,1",,"3,3",%,"%66,7","%100,0",,56,16,72,51,37
2022,YEDÝTEPE ÜNÝVERSÝTESÝ,Eðitim Fakültesi,Ýngilizce Öðretmenliði,206110062,DÝL,English,100,8,8,,,,ÝSTANBUL,Marmara,2,1,4,5.003,3.636,117.317,175.243,,,"%37,5","%62,5",313,,"%6,1","%27,5",225,"7,0",,"4,6",%,"%25,0","%100,0",,50,35,85,37,34
2021,YEDÝTEPE ÜNÝVERSÝTESÝ,Eðitim Fakültesi,Ýngilizce Öðretmenliði,206110062,DÝL,English,100,8,8,,,,ÝSTANBUL,Marmara,2,1,4,5.327,4.677,166.052,235.222,,,"%37,5","%75,0",292,,"%7,9","%26,7","%71,9","6,9",,"4,6","%37,5","%62,5","%87,5",,49,43,92,47,28
2023,YEDÝTEPE ÜNÝVERSÝTESÝ,Fen-Edebiyat Fakültesi,Ýngiliz Dili ve Edebiyatý,206110202,DÝL,English,100,9,9,,,,ÝSTANBUL,Marmara,4,1,4,6.601,2.446,127.918,217.938,,,"%80,0","%30,0",254,,"%5,5","%29,1","%71,7","7,1",,"3,2","%10,0","%60,0","%100,0",,53,49,102,32,45
2022,YEDÝTEPE ÜNÝVERSÝTESÝ,Fen-Edebiyat Fakültesi,Ýngiliz Dili ve Edebiyatý,206110202,DÝL,English,100,10,10,,,,ÝSTANBUL,Marmara,3,2,6,4.559,3.532,106.585,152.104,,,"%50,0","%60,0",372,,"%7,3","%26,6",279,"7,1",,"4,1",%,"%40,0","%100,0",,53,35,88,33,48
2021,YEDÝTEPE ÜNÝVERSÝTESÝ,Fen-Edebiyat Fakültesi,Ýngiliz Dili ve Edebiyatý,206110202,DÝL,English,100,10,10,,,,ÝSTANBUL,Marmara,2,2,5,4.604,3.577,138.063,167.038,,,"%40,0","%80,0",329,,"%4,6","%29,5","%81,8","6,4",,"4,8",%,"%50,0","%100,0",,53,37,90,37,38
2023,ÝSTANBUL BÝLGÝ ÜNÝVERSÝTESÝ,Sosyal ve Beþeri Bilimler Fakültesi,Karþýlaþtýrmalý Edebiyat,202510061,DÝL,English,100,4,4,,,,ÝSTANBUL,Marmara,---,2,2,4.909,3.604,96.909,122.183,,,"%60,0","%60,0",90,,"%16,7","%36,7","%82,2","6,0",,"2,0","%20,0","%100,0","%100,0",,20,6,26,4,24
2022,ÝSTANBUL BÝLGÝ ÜNÝVERSÝTESÝ,Sosyal ve Beþeri Bilimler Fakültesi,Karþýlaþtýrmalý Edebiyat,202510061,DÝL,English,100,5,5,,,,ÝSTANBUL,Marmara,1,2,2,6.452,4.800,151.490,219.397,,,"%60,0","%80,0",122,,"%18,9","%36,9",96,"6,2",,"3,8","%40,0","%60,0","%100,0",,23,18,41,5,22
2021,ÝSTANBUL BÝLGÝ ÜNÝVERSÝTESÝ,Sosyal ve Beþeri Bilimler Fakültesi,Karþýlaþtýrmalý Edebiyat,202510061,DÝL,English,100,5,5,,,,ÝSTANBUL,Marmara,2,2,2,4.572,2.458,123.254,216.100,,,"%60,0","%60,0",97,,"%9,3","%34,0","%88,7","5,6",,"3,0","%40,0","%60,0","%100,0",,25,21,46,7,19
2023,KOÇ ÜNÝVERSÝTESÝ,Ýnsani Bilimler ve Edebiyat Fakültesi,Karþýlaþtýrmalý Edebiyat,203910831,DÝL,English,50,3,3,,,,ÝSTANBUL,Marmara,---,---,---,4.226,1.872,65.816,116.503,,,"%33,3","%100,0",48,,"%10,4","%33,3","%81,3","5,9",,"4,3",%,"%33,3","%100,0",,9,21,30,7,14
2022,KOÇ ÜNÝVERSÝTESÝ,Ýnsani Bilimler ve Edebiyat Fakültesi,Karþýlaþtýrmalý Edebiyat,203910831,DÝL,English,50,3,3,,,,ÝSTANBUL,Marmara,---,---,---,6.211,3.267,164.385,180.568,,,"%33,3","%66,7",29,,"%24,1","%44,8",24,"5,8",,"5,3","%33,3","%33,3","%100,0",,8,20,28,6,9
2021,KOÇ ÜNÝVERSÝTESÝ,Ýnsani Bilimler ve Edebiyat Fakültesi,Karþýlaþtýrmalý Edebiyat,203910831,DÝL,English,50,3,3,,,,ÝSTANBUL,Marmara,---,---,---,3.593,2.069,118.978,167.592,,,"%33,3","%66,7",31,,"%25,8","%48,4","%83,9","5,4",,"3,3",%,"%33,3","%100,0",,4,18,22,4,3
2023,TED ÜNÝVERSÝTESÝ,Eðitim Fakültesi,Ýngilizce Öðretmenliði,206710232,DÝL,English,100,7,7,,,,ANKARA,Ýç Anadolu,2,4,3,6.856,2.691,164.514,253.349,,,"%88,9","%11,1",293,,"%9,9","%30,7","%78,8","6,4",,"3,0","%22,2","%66,7","%100,0",,43,15,58,50,32
2022,TED ÜNÝVERSÝTESÝ,Eðitim Fakültesi,Ýngilizce Öðretmenliði,206710232,DÝL,English,100,8,8,,,,ANKARA,Ýç Anadolu,1,---,5,7.141,4.813,162.622,247.348,,,"%75,0","%25,0",238,,"%6,3","%30,7",186,"6,1",,"5,6","%12,5","%25,0","%87,5",,68,27,95,46,32
2021,TED ÜNÝVERSÝTESÝ,Eðitim Fakültesi,Ýngilizce Öðretmenliði,206710232,DÝL,English,100,8,8,,,,ANKARA,Ýç Anadolu,1,---,5,6.910,5.873,222.963,486.571,,,"%50,0","%62,5",207,,"%5,8","%28,0","%79,7","6,3",,"3,5",%,"%62,5","%100,0",,62,43,105,69,26
2023,ÝSTANBUL BÝLGÝ ÜNÝVERSÝTESÝ,Sosyal ve Beþeri Bilimler Fakültesi,Ýngiliz Dili ve Edebiyatý,202590196,DÝL,English,100,10,10,,,,ÝSTANBUL,Marmara,3,1,---,7.283,4.254,195.595,298.693,,,"%18,2","%81,8",215,,"%7,0","%26,5","%73,0","7,1",,"5,0",%,"%36,4","%90,9",,61,39,100,39,37
2022,ÝSTANBUL BÝLGÝ ÜNÝVERSÝTESÝ,Sosyal ve Beþeri Bilimler Fakültesi,Ýngiliz Dili ve Edebiyatý,202590196,DÝL,English,100,9,9,,,,ÝSTANBUL,Marmara,3,1,---,5.135,2.968,120.266,174.643,,,"%11,1","%100,0",309,,"%7,8","%28,5",219,"7,0",,"4,0",%,"%55,6","%100,0",,42,42,84,32,28
2021,ÝSTANBUL BÝLGÝ ÜNÝVERSÝTESÝ,Sosyal ve Beþeri Bilimler Fakültesi,Ýngiliz Dili ve Edebiyatý,202590196,DÝL,English,100,8,8,,,,ÝSTANBUL,Marmara,1,1,1,4.369,1.955,135.009,167.255,,,"%12,5","%87,5",235,,"%7,7","%34,5","%82,1","6,0",,"3,5",%,"%62,5","%100,0",,36,35,71,29,11
2023,YEDÝTEPE ÜNÝVERSÝTESÝ,Fen-Edebiyat Fakültesi,Rus Dili ve Edebiyatý (Rusça) ,206190327,DÝL,Turkish,100,7,7,,,,ÝSTANBUL,Marmara,---,---,2,9.400,6.032,254.956,535.489,,,"%87,5","%25,0",112,,"%14,3","%34,8","%75,0","7,3",,"3,3","%37,5","%75,0","%87,5",,32,23,55,15,47
2022,YEDÝTEPE ÜNÝVERSÝTESÝ,Fen-Edebiyat Fakültesi,Rus Dili ve Edebiyatý (Rusça) ,206190327,DÝL,Turkish,100,10,10,,,,ÝSTANBUL,Marmara,1,---,2,9.379,5.151,218.132,347.101,,,"%50,0","%60,0",127,,"%12,6","%31,5",99,"6,5",,"5,6","%10,0","%20,0","%90,0",,73,33,106,14,49
2021,YEDÝTEPE ÜNÝVERSÝTESÝ,Fen-Edebiyat Fakültesi,Rus Dili ve Edebiyatý (Rusça) ,206190327,DÝL,Turkish,100,10,10,,,,ÝSTANBUL,Marmara,---,---,1,9.326,3.689,225.903,409.115,,,"%20,0","%80,0",126,,"%19,0","%36,5","%77,8","6,3",,"3,1","%40,0","%60,0","%100,0",,72,27,99,17,31
2023,ÝSTANBUL 29 MAYIS ÜNÝVERSÝTESÝ,Edebiyat Fakültesi,Ýngilizce Mütercim ve Tercümanlýk ,202210342,DÝL,Turkish,100,6,6,,,,ÝSTANBUL,Marmara,1,---,2,6.513,3.417,172.753,347.947,,,"%85,7","%42,9",131,,"%12,2","%36,6","%77,1","6,2",,"1,9","%42,9","%100,0","%100,0",,27,18,45,19,10
2022,ÝSTANBUL 29 MAYIS ÜNÝVERSÝTESÝ,Edebiyat Fakültesi,Ýngilizce Mütercim ve Tercümanlýk ,202210342,DÝL,Turkish,100,4,4,,,,ÝSTANBUL,Marmara,1,---,3,4.272,1.267,76.039,100.224,,,"%100,0","%50,0",246,,"%6,9","%26,8",175,"7,2",,"1,8","%25,0","%100,0","%100,0",,30,9,39,15,
2021,ÝSTANBUL 29 MAYIS ÜNÝVERSÝTESÝ,Edebiyat Fakültesi,Ýngilizce Mütercim ve Tercümanlýk ,202210342,DÝL,Turkish,100,7,7,,,,ÝSTANBUL,Marmara,1,---,3,8.773,4.799,240.071,418.998,,,"%57,1","%57,1",127,,"%11,0","%29,9","%76,4","6,8",,"2,3","%42,9","%71,4","%100,0",,30,46,76,40,
2023,TED ÜNÝVERSÝTESÝ,Fen-Edebiyat Fakültesi,Ýngiliz Dili ve Edebiyatý,206710437,DÝL,English,100,8,8,,,,ANKARA,Ýç Anadolu,---,2,3,8.659,5.048,151.830,289.337,,,"%60,0","%40,0",337,,"%7,1","%25,8","%69,7","7,3",,"3,5",%,"%60,0","%100,0",,35,19,54,28,31
2022,TED ÜNÝVERSÝTESÝ,Fen-Edebiyat Fakültesi,Ýngiliz Dili ve Edebiyatý,206710437,DÝL,English,100,10,10,,,,ANKARA,Ýç Anadolu,---,1,3,10.540,7.984,233.260,351.867,,,"%40,0","%60,0",299,,"%6,0","%20,1",200,"8,2",,"5,1",%,"%10,0","%100,0",,49,36,85,38,27
2021,TED ÜNÝVERSÝTESÝ,Fen-Edebiyat Fakültesi,Ýngiliz Dili ve Edebiyatý,206710437,DÝL,English,100,8,8,,,,ANKARA,Ýç Anadolu,---,---,3,10.945,6.113,283.552,367.905,,,"%50,0","%87,5",214,,"%6,1","%18,7","%65,4","7,7",,"4,8","%25,0","%50,0","%87,5",,55,36,92,44,17
2023,BAÞKENT ÜNÝVERSÝTESÝ,Fen-Edebiyat Fakültesi,Ýngilizce Mütercim ve Tercümanlýk ,200690490,DÝL,Turkish,100,6,6,,,,ANKARA,Ýç Anadolu,1,---,3,8.568,4.665,216.739,330.145,,,"%62,5","%50,0",283,,"%3,9","%24,0","%73,1","7,2",,"4,3","%12,5","%62,5","%100,0",,42,25,67,38,21
2022,BAÞKENT ÜNÝVERSÝTESÝ,Fen-Edebiyat Fakültesi,Ýngilizce Mütercim ve Tercümanlýk ,200690490,DÝL,Turkish,100,6,6,,,,ANKARA,Ýç Anadolu,1,---,3,8.008,4.642,148.099,307.140,,,"%50,0","%50,0",272,,"%5,9","%25,4",197,"7,0",,"6,0",%,"%50,0","%66,7",,45,33,78,25,16
2021,BAÞKENT ÜNÝVERSÝTESÝ,Fen-Edebiyat Fakültesi,Ýngilizce Mütercim ve Tercümanlýk ,200690490,DÝL,Turkish,100,5,5,,,,ANKARA,Ýç Anadolu,1,---,2,6.648,4.370,186.382,267.636,,,"%60,0","%40,0",158,,"%2,5","%22,2","%77,2","7,0",,"4,2",%,"%40,0","%100,0",,27,31,58,38,4
2023,BAHÇEÞEHÝR ÜNÝVERSÝTESÝ,Eðitim Bilimleri Fakültesi,Ýngilizce Öðretmenliði,200511117,DÝL,English,100,7,7,,,,ÝSTANBUL,Marmara,1,2,4,6.877,4.881,134.788,182.406,,,"%62,5","%62,5",249,,"%8,8","%24,9","%71,5","6,7",,"5,0",%,"%37,5","%87,5",,41,14,55,36,32
2022,BAHÇEÞEHÝR ÜNÝVERSÝTESÝ,Eðitim Bilimleri Fakültesi,Ýngilizce Öðretmenliði,200511117,DÝL,English,100,8,8,,,,ÝSTANBUL,Marmara,1,2,1,5.665,552,81.402,143.437,,,"%50,0","%62,5",329,,"%8,5","%32,2",242,"6,6",,"4,9","%25,0","%50,0","%87,5",,65,21,86,34,33
2021,BAHÇEÞEHÝR ÜNÝVERSÝTESÝ,Eðitim Bilimleri Fakültesi,Ýngilizce Öðretmenliði,200511117,DÝL,English,100,8,8,,,,ÝSTANBUL,Marmara,1,1,1,5.099,929,113.758,196.191,,,"%37,5","%75,0",331,,"%10,3","%29,3","%74,9","6,3",,"3,1","%37,5","%62,5","%100,0",,46,26,72,36,25
2023,YAÞAR ÜNÝVERSÝTESÝ,Ýnsan ve Toplum Bilimleri Fakültesi,Ýngilizce Mütercim ve Tercümanlýk ,206090361,DÝL,Turkish,100,7,7,,,,ÝZMÝR,Ege,---,---,3,6.793,4.240,160.511,207.379,,,"%44,4","%77,8",251,,"%6,4","%35,5","%80,9","5,7",,"3,1","%11,1","%66,7","%100,0",,31,31,62,33,27
2022,YAÞAR ÜNÝVERSÝTESÝ,Ýnsan ve Toplum Bilimleri Fakültesi,Ýngilizce Mütercim ve Tercümanlýk ,206090361,DÝL,Turkish,100,7,7,,,,ÝZMÝR,Ege,---,---,5,8.650,5.689,165.150,305.605,,,"%71,4","%85,7",226,,"%8,4","%41,2",189,"6,0",,"3,4",%,"%71,4","%100,0",,36,29,65,28,20
2021,YAÞAR ÜNÝVERSÝTESÝ,Ýnsan ve Toplum Bilimleri Fakültesi,Ýngilizce Mütercim ve Tercümanlýk ,206090361,DÝL,Turkish,100,6,6,,,,ÝZMÝR,Ege,---,---,5,6.493,5.169,189.944,290.128,,,"%66,7","%66,7",145,,"%14,5","%42,8","%82,8","5,6",,"3,5",%,"%66,7","%100,0",,40,15,55,33,7
2023,ÇANKAYA ÜNÝVERSÝTESÝ,Fen-Edebiyat Fakültesi,Ýngilizce Mütercim ve Tercümanlýk ,201190055,DÝL,Turkish,100,7,7,,,,ANKARA,Ýç Anadolu,2,1,1,9.248,2.622,218.140,366.211,,,"%62,5","%37,5",232,,"%3,0","%25,4","%74,6","6,8",,"4,6",%,"%50,0","%100,0",,49,26,75,29,31
2022,ÇANKAYA ÜNÝVERSÝTESÝ,Fen-Edebiyat Fakültesi,Ýngilizce Mütercim ve Tercümanlýk ,201190055,DÝL,Turkish,100,8,8,,,,ANKARA,Ýç Anadolu,2,1,2,8.387,5.226,204.779,319.206,,,"%37,5","%62,5",233,,"%5,2","%22,7",185,"7,0",,"4,3",%,"%62,5","%100,0",,46,39,85,32,23
2021,ÇANKAYA ÜNÝVERSÝTESÝ,Fen-Edebiyat Fakültesi,Ýngilizce Mütercim ve Tercümanlýk ,201190055,DÝL,Turkish,100,7,7,,,,ANKARA,Ýç Anadolu,2,---,3,8.002,4.329,219.233,314.874,,,"%42,9","%57,1",169,,"%8,3","%24,9","%71,6","7,1",,"4,3","%14,3","%42,9","%100,0",,30,21,51,34,9
2023,HALÝÇ ÜNÝVERSÝTESÝ,Fen-Edebiyat Fakültesi,Ýngilizce Mütercim ve Tercümanlýk ,201990497,DÝL,Turkish,100,9,9,,,,ÝSTANBUL,Marmara,---,---,4,9.415,7.164,297.581,426.277,,,"%25,0","%91,7",258,,"%8,1","%24,8","%69,4","7,0",,"3,6","%8,3","%50,0","%100,0",,37,61,98,79,37
2022,HALÝÇ ÜNÝVERSÝTESÝ,Fen-Edebiyat Fakültesi,Ýngilizce Mütercim ve Tercümanlýk ,201990497,DÝL,Turkish,100,10,10,,,,ÝSTANBUL,Marmara,---,---,3,9.753,79,224.192,335.105,,,"%40,0","%70,0",339,,"%4,7","%18,3",218,"8,0",,"5,1","%20,0","%40,0","%90,0",,52,33,85,47,29
2021,HALÝÇ ÜNÝVERSÝTESÝ,Fen-Edebiyat Fakültesi,Ýngilizce Mütercim ve Tercümanlýk ,201990497,DÝL,Turkish,100,9,9,,,,ÝSTANBUL,Marmara,---,---,3,9.464,8.082,342.448,431.730,,,"%22,2","%88,9",247,,"%5,7","%20,6","%65,6","7,7",,"5,7","%11,1","%11,1","%88,9",,61,57,118,61,10
2023,BAÞKENT ÜNÝVERSÝTESÝ,Eðitim Fakültesi,Ýngilizce Öðretmenliði ,200611222,DÝL,Turkish,100,7,7,,,,ANKARA,Ýç Anadolu,---,2,4,9.781,7.760,222.289,360.115,,,"%62,5","%62,5",289,,"%5,2","%22,8","%73,0","7,1",,"5,3","%12,5","%12,5","%87,5",,53,38,97,51,24
2022,BAÞKENT ÜNÝVERSÝTESÝ,Eðitim Fakültesi,Ýngilizce Öðretmenliði ,200611222,DÝL,Turkish,100,8,8,,,,ANKARA,Ýç Anadolu,---,2,3,10.364,4.675,216.959,440.518,,,"%50,0","%75,0",284,,"%4,6","%20,1",210,"7,1",,"5,1","%12,5","%25,0","%87,5",,74,30,104,68,24
2021,BAÞKENT ÜNÝVERSÝTESÝ,Eðitim Fakültesi,Ýngilizce Öðretmenliði ,200611222,DÝL,Turkish,100,8,8,,,,ANKARA,Ýç Anadolu,---,1,4,9.891,2.573,248.581,369.472,,,"%25,0","%75,0",238,,"%8,0","%27,3","%76,1","6,9",,"3,8","%12,5","%37,5","%100,0",,40,21,61,52,24
2023,ÝSTANBUL MEDÝPOL ÜNÝVERSÝTESÝ,Eðitim Fakültesi,Ýngilizce Öðretmenliði,203111263,DÝL,English,100,7,7,,,,ÝSTANBUL,Marmara,---,2,3,11.403,6.926,196.318,236.344,,,"%37,5","%87,5",296,,"%14,2","%29,7","%72,0","7,1",,"3,9","%25,0","%62,5","%100,0",,28,38,66,64,37
2022,ÝSTANBUL MEDÝPOL ÜNÝVERSÝTESÝ,Eðitim Fakültesi,Ýngilizce Öðretmenliði,203111263,DÝL,English,100,8,8,,,,ÝSTANBUL,Marmara,---,1,3,11.385,8.557,258.540,402.864,,,"%50,0","%50,0",319,,"%7,2","%17,9",226,"7,6",,"5,3",%,"%62,5","%87,5",,47,30,77,54,36
2021,ÝSTANBUL MEDÝPOL ÜNÝVERSÝTESÝ,Eðitim Fakültesi,Ýngilizce Öðretmenliði,203111263,DÝL,English,100,8,8,,,,ÝSTANBUL,Marmara,---,---,3,9.405,7.323,262.171,392.722,,,"%50,0","%50,0",224,,"%9,8","%17,9","%67,9","7,7",,"4,5","%37,5","%50,0","%87,5",,78,31,109,84,29
2023,ÝSTANBUL OKAN ÜNÝVERSÝTESÝ,Ýnsan ve Toplum Bilimleri Fakültesi,Çince Mütercim ve Tercümanlýk ,204790531,DÝL,Turkish,100,5,5,,,,ÝSTANBUL,Marmara,---,---,---,11.791,7.421,222.031,326.027,,,"%50,0","%50,0",74,,"%25,7","%47,3","%82,4","5,5",,"2,8","%50,0","%66,7","%100,0",,23,27,50,5,16
2022,ÝSTANBUL OKAN ÜNÝVERSÝTESÝ,Ýnsan ve Toplum Bilimleri Fakültesi,Çince Mütercim ve Tercümanlýk ,204790531,DÝL,Turkish,100,5,5,,,,ÝSTANBUL,Marmara,---,---,---,8.657,5.355,187.622,261.144,,,"%60,0","%40,0",81,,"%21,0","%34,6",55,"6,7",,"1,6","%60,0","%100,0","%100,0",,25,26,51,6,11
2021,ÝSTANBUL OKAN ÜNÝVERSÝTESÝ,Ýnsan ve Toplum Bilimleri Fakültesi,Çince Mütercim ve Tercümanlýk ,204790531,DÝL,Turkish,100,4,4,,,,ÝSTANBUL,Marmara,---,---,---,5.559,4.497,115.640,237.718,,,"%75,0","%25,0",65,,"%29,2","%49,2","%83,1","5,8",,"2,8","%50,0","%50,0","%100,0",,20,11,31,4,5
2023,ÝSTÝNYE ÜNÝVERSÝTESÝ,Ýnsan ve Toplum Bilimleri Fakültesi,Ýngilizce Mütercim ve Tercümanlýk ,208450826,DÝL,Turkish,100,7,7,,,,ÝSTANBUL,Marmara,---,---,3,12.827,8.646,254.178,326.965,,,"%37,5","%62,5",218,,"%3,7","%17,0","%69,7","7,6",,"6,3",%,"%25,0","%87,5",,55,34,89,34,25
2022,ÝSTÝNYE ÜNÝVERSÝTESÝ,Ýnsan ve Toplum Bilimleri Fakültesi,Ýngilizce Mütercim ve Tercümanlýk ,208450826,DÝL,Turkish,100,7,7,,,,ÝSTANBUL,Marmara,---,---,3,12.065,8.472,257.460,433.103,,,"%71,4","%57,1",280,,"%5,7","%18,9",182,"8,4",,"5,0",%,"%42,9","%100,0",,41,72,113,71,13
2021,ÝSTÝNYE ÜNÝVERSÝTESÝ,Ýnsan ve Toplum Bilimleri Fakültesi,Ýngilizce Mütercim ve Tercümanlýk ,208450826,DÝL,Turkish,100,6,6,,,,ÝSTANBUL,Marmara,---,---,3,10.926,7.327,314.115,389.020,,,"%83,3","%66,7",487,,"%4,5","%15,0","%63,7","9,0",,"2,7","%33,3","%66,7","%100,0",,36,30,66,32,
2023,YAÞAR ÜNÝVERSÝTESÝ,Ýnsan ve Toplum Bilimleri Fakültesi,Ýngiliz Dili ve Edebiyatý,206010054,DÝL,English,100,8,8,,,,ÝZMÝR,Ege,---,---,8,11.311,5.401,262.946,409.228,,,"%10,0","%90,0",211,,"%8,5","%29,9","%78,7","6,3",,"4,2","%20,0","%30,0","%100,0",,49,21,70,19,33
2022,YAÞAR ÜNÝVERSÝTESÝ,Ýnsan ve Toplum Bilimleri Fakültesi,Ýngiliz Dili ve Edebiyatý,206010054,DÝL,English,100,8,8,,,,ÝZMÝR,Ege,---,---,6,11.521,9.359,305.031,388.208,,,"%25,0","%87,5",292,,"%5,5","%27,7",213,"7,1",,"5,1",%,"%25,0","%87,5",,63,18,81,27,25
2021,YAÞAR ÜNÝVERSÝTESÝ,Ýnsan ve Toplum Bilimleri Fakültesi,Ýngiliz Dili ve Edebiyatý,206010054,DÝL,English,100,7,7,,,,ÝZMÝR,Ege,---,---,5,12.452,7.106,298.229,417.912,,,"%42,9","%85,7",145,,"%9,7","%30,3","%82,1","6,2",,"3,4","%42,9","%71,4","%100,0",,61,14,75,23,17
2023,ATILIM ÜNÝVERSÝTESÝ,Fen-Edebiyat Fakültesi,Ýngilizce Mütercim ve Tercümanlýk ,200290157,DÝL,Turkish,100,6,6,,,,ANKARA,Ýç Anadolu,2,2,2,11.558,8.613,240.973,322.804,,,"%50,0","%50,0",207,,"%5,3","%13,5","%73,4","7,5",,"4,8","%25,0","%50,0","%87,5",,33,35,68,27,26
2022,ATILIM ÜNÝVERSÝTESÝ,Fen-Edebiyat Fakültesi,Ýngilizce Mütercim ve Tercümanlýk ,200290157,DÝL,Turkish,100,7,7,,,,ANKARA,Ýç Anadolu,2,1,1,11.844,9.073,313.144,456.204,,,"%85,7","%28,6",256,,"%6,3","%17,6",165,"8,5",,"4,3",%,"%42,9","%100,0",,46,27,73,38,21
2021,ATILIM ÜNÝVERSÝTESÝ,Fen-Edebiyat Fakültesi,Ýngilizce Mütercim ve Tercümanlýk ,200290157,DÝL,Turkish,100,7,7,,,,ANKARA,Ýç Anadolu,2,1,1,12.403,6.669,262.170,458.952,,,"%85,7","%42,9",167,,"%3,6","%17,4","%61,1","8,7",,"7,0",%,"%14,3","%85,7",,56,46,102,42,6
2023,ÇANKAYA ÜNÝVERSÝTESÝ,Fen-Edebiyat Fakültesi,Ýngiliz Dili ve Edebiyatý,201110023,DÝL,English,100,8,8,,,,ANKARA,Ýç Anadolu,2,---,4,12.977,10.996,320.960,520.264,,,"%66,7","%44,4",214,,"%3,7","%14,5","%64,0","8,3",,"5,0","%11,1","%44,4","%88,9",,56,40,96,38,35
2022,ÇANKAYA ÜNÝVERSÝTESÝ,Fen-Edebiyat Fakültesi,Ýngiliz Dili ve Edebiyatý,201110023,DÝL,English,100,8,8,,,,ANKARA,Ýç Anadolu,2,---,3,13.161,9.064,358.019,520.160,,,"%62,5","%37,5",162,,%,"%8,6",97,"9,3",,"7,8",%,"%12,5","%87,5",,76,39,117,45,33
2021,ÇANKAYA ÜNÝVERSÝTESÝ,Fen-Edebiyat Fakültesi,Ýngiliz Dili ve Edebiyatý,201110023,DÝL,English,100,7,7,,,,ANKARA,Ýç Anadolu,2,---,3,11.291,974,240.440,413.141,,,"%28,6","%71,4",163,,"%8,6","%18,4","%63,2","7,6",,"1,7","%42,9","%100,0","%100,0",,27,15,42,20,23
2023,BAÞKENT ÜNÝVERSÝTESÝ,Fen-Edebiyat Fakültesi,Amerikan Kültürü ve Edebiyatý ,200611294,DÝL,Turkish,100,5,5,,,,ANKARA,Ýç Anadolu,1,1,7,14.175,10.871,306.419,459.832,,,"%66,7","%33,3",150,,"%3,3","%16,0","%60,7","8,6",,"5,8",%,"%16,7","%100,0",,31,24,55,16,22
2022,BAÞKENT ÜNÝVERSÝTESÝ,Fen-Edebiyat Fakültesi,Amerikan Kültürü ve Edebiyatý ,200611294,DÝL,Turkish,100,6,6,,,,ANKARA,Ýç Anadolu,1,---,7,13.744,12.124,371.207,613.031,,,"%50,0","%66,7",171,,"%1,2","%9,9",92,"9,4",,"7,5",%,"%16,7","%83,3",,49,23,72,21,25
2021,BAÞKENT ÜNÝVERSÝTESÝ,Fen-Edebiyat Fakültesi,Amerikan Kültürü ve Edebiyatý ,200611294,DÝL,Turkish,100,6,6,,,,ANKARA,Ýç Anadolu,1,---,5,13.429,11.284,388.464,576.532,,,"%50,0","%66,7",122,,"%5,7","%21,3","%63,9","8,1",,"3,7","%16,7","%66,7","%100,0",,41,26,67,17,22
2023,UFUK ÜNÝVERSÝTESÝ,Eðitim Fakültesi,Ýngilizce Öðretmenliði ,205810022,DÝL,Turkish,100,7,7,,,,ANKARA,Ýç Anadolu,,,,14.598,10.845,324.388,533.509,,,"%50,0","%62,5",163,,"%5,5","%19,6","%66,3","7,9",,"6,6",%,"%25,0","%87,5",,49,21,70,40,25
2022,UFUK ÜNÝVERSÝTESÝ,Eðitim Fakültesi,Ýngilizce Öðretmenliði ,205810022,DÝL,Turkish,100,8,8,,,,ANKARA,Ýç Anadolu,2,---,4,13.812,10.674,262.292,561.107,,,"%25,0","%87,5",139,,"%2,2","%17,3",94,"8,1",,"4,9",%,"%25,0","%100,0",,50,39,89,55,24
2021,UFUK ÜNÝVERSÝTESÝ,Eðitim Fakültesi,Ýngilizce Öðretmenliði ,205810022,DÝL,Turkish,100,8,8,,,,ANKARA,Ýç Anadolu,2,---,4,11.753,9.727,348.035,625.930,,,"%37,5","%87,5",166,,"%7,8","%18,7","%67,5","7,9",,"4,9","%12,5","%12,5","%100,0",,55,25,80,77,23
2023,ANKARA BÝLÝM ÜNÝVERSÝTESÝ,Ýnsan ve Toplum Bilimleri Fakültesi,Ýngilizce Mütercim ve Tercümanlýk ,209510036,DÝL,Turkish,100,6,6,,,,ANKARA,Ýç Anadolu,---,1,2,13.801,11.302,389.108,491.095,,,"%42,9","%85,7",186,,"%4,3","%19,9","%58,6","8,2",,"5,6",%,"%42,9","%100,0",,36,24,60,19,20
2022,ANKARA BÝLÝM ÜNÝVERSÝTESÝ,Ýnsan ve Toplum Bilimleri Fakültesi,Ýngilizce Mütercim ve Tercümanlýk ,209510036,DÝL,Turkish,100,5,5,,,,ANKARA,Ýç Anadolu,---,---,4,14.432,12.697,349.725,590.596,,,"%40,0","%60,0",171,,"%5,3","%18,7",104,"9,5",,"3,4",%,"%60,0","%100,0",,28,20,48,27,15
2021,ANKARA BÝLÝM ÜNÝVERSÝTESÝ,Ýnsan ve Toplum Bilimleri Fakültesi,Ýngilizce Mütercim ve Tercümanlýk ,209510036,DÝL,Turkish,100,6,6,,,,ANKARA,Ýç Anadolu,---,---,3,12.803,9.681,488.114,699.444,,,"%16,7","%83,3",150,,"%12,0","%29,3","%66,0","8,5",,"1,3","%66,7","%100,0","%100,0",,16,10,26,9,
2023,ÝSTANBUL SABAHATTÝN ZAÝM ÜNÝVERSÝTESÝ,Eðitim Fakültesi,Ýngilizce Öðretmenliði ,203210025,DÝL,Turkish,100,7,7,,,,ÝSTANBUL,Marmara,2,2,2,17.020,13.311,365.841,546.118,,,"%37,5","%62,5",167,,"%9,0","%15,6","%65,9","8,0",,"6,3","%12,5","%12,5","%100,0",,36,73,109,58,29
2022,ÝSTANBUL SABAHATTÝN ZAÝM ÜNÝVERSÝTESÝ,Eðitim Fakültesi,Ýngilizce Öðretmenliði ,203210025,DÝL,Turkish,100,8,8,,,,ÝSTANBUL,Marmara,1,2,3,13.614,8.146,338.037,508.862,,,"%37,5","%75,0",239,,"%3,8","%18,4",164,"7,7",,"4,9","%25,0","%25,0","%87,5",,59,50,109,66,28
2021,ÝSTANBUL SABAHATTÝN ZAÝM ÜNÝVERSÝTESÝ,Eðitim Fakültesi,Ýngilizce Öðretmenliði ,203210025,DÝL,Turkish,100,8,8,,,,ÝSTANBUL,Marmara,2,2,3,11.900,5.276,306.463,481.728,,,"%25,0","%75,0",151,,"%10,6","%25,2","%70,2","7,0",,"2,5","%50,0","%75,0","%100,0",,46,36,82,81,30
2023,ÝSTANBUL AYDIN ÜNÝVERSÝTESÝ,Eðitim Fakültesi,Ýngilizce Öðretmenliði,202410644,DÝL,English,100,8,8,,,,ÝSTANBUL,Marmara,1,---,4,15.724,10.525,277.539,696.004,,,"%33,3","%88,9",249,,"%4,0","%16,9","%67,5","7,9",,"4,7","%11,1","%44,4","%88,9",,54,45,99,60,43
2022,ÝSTANBUL AYDIN ÜNÝVERSÝTESÝ,Eðitim Fakültesi,Ýngilizce Öðretmenliði,202410644,DÝL,English,100,8,8,,,,ÝSTANBUL,Marmara,1,---,5,12.685,8.530,280.684,503.841,,,"%37,5","%62,5",331,,"%5,7","%19,0",213,"8,2",,"5,5","%12,5","%25,0","%100,0",,51,55,106,73,37
2021,ÝSTANBUL AYDIN ÜNÝVERSÝTESÝ,Eðitim Fakültesi,Ýngilizce Öðretmenliði,202410644,DÝL,English,100,8,8,,,,ÝSTANBUL,Marmara,1,---,5,10.407,7.534,307.333,593.532,,,"%37,5","%62,5",328,,"%9,1","%26,8","%65,9","7,8",,"4,0","%12,5","%37,5","%100,0",,76,26,102,85,39
2023,FATÝH SULTAN MEHMET VAKIF ÜNÝVERSÝTESÝ,Ýnsan ve Toplum Bilimleri Fakültesi,Ýngilizce Mütercim ve Tercümanlýk ,201490091,DÝL,Turkish,100,5,5,,,,ÝSTANBUL,Marmara,---,---,3,10.122,7.714,392.785,565.190,,,"%33,3","%83,3",212,,"%6,6","%21,7","%61,8","8,6",,"1,7","%66,7","%83,3","%100,0",,9,28,37,22,18
2022,FATÝH SULTAN MEHMET VAKIF ÜNÝVERSÝTESÝ,Ýnsan ve Toplum Bilimleri Fakültesi,Ýngilizce Mütercim ve Tercümanlýk ,201490091,DÝL,Turkish,100,10,10,,,,ÝSTANBUL,Marmara,---,---,4,15.782,7.626,364.961,611.472,,,"%10,0","%90,0",443,,"%8,1","%25,5",262,"8,9",,"2,9","%50,0","%60,0","%100,0",,19,69,88,50,12
2021,FATÝH SULTAN MEHMET VAKIF ÜNÝVERSÝTESÝ,Edebiyat Fakültesi,Ýngilizce Mütercim ve Tercümanlýk ,201490091,DÝL,Turkish,100,10,10,,,,ÝSTANBUL,Marmara,---,---,3,21.190,2.111,375.790,994.279,,,"%30,0","%90,0",419,,"%8,8","%29,1","%72,6","7,4",,"4,3","%40,0","%60,0","%90,0",,46,64,110,43,
2023,ÝSTANBUL OKAN ÜNÝVERSÝTESÝ,Ýnsan ve Toplum Bilimleri Fakültesi,Ýngilizce Mütercim ve Tercümanlýk ,204790533,DÝL,Turkish,100,8,8,,,,ÝSTANBUL,Marmara,2,---,1,14.099,8.740,315.566,459.225,,,"%33,3","%66,7",142,,"%9,2","%21,8","%63,4","8,0",,"5,7","%11,1","%55,6","%88,9",,36,40,79,40,27
2022,ÝSTANBUL OKAN ÜNÝVERSÝTESÝ,Ýnsan ve Toplum Bilimleri Fakültesi,Ýngilizce Mütercim ve Tercümanlýk ,204790533,DÝL,Turkish,100,8,8,,,,ÝSTANBUL,Marmara,1,1,1,11.052,6.056,219.198,305.787,,,"%50,0","%87,5",184,,"%6,0","%15,2",113,"8,3",,"4,0","%12,5","%37,5","%100,0",,49,38,87,49,20
2021,ÝSTANBUL OKAN ÜNÝVERSÝTESÝ,Ýnsan ve Toplum Bilimleri Fakültesi,Ýngilizce Mütercim ve Tercümanlýk ,204790533,DÝL,Turkish,100,7,7,,,,ÝSTANBUL,Marmara,1,1,1,9.106,6.540,179.630,219.002,,,"%57,1","%57,1",149,,"%8,7","%24,8","%71,1","7,7",,"5,1",%,"%42,9","%100,0",,44,35,79,47,5
2023,ÝSTANBUL 29 MAYIS ÜNÝVERSÝTESÝ,Eðitim Fakültesi,Ýngilizce Öðretmenliði ,202210386,DÝL,Turkish,100,9,9,,,,ÝSTANBUL,Marmara,---,1,2,14.650,4.803,214.258,350.977,,,"%45,5","%54,6",135,,"%5,9","%27,4","%64,4","6,8",,"3,8","%9,1","%63,6","%90,9",,57,41,98,56,37
2022,ÝSTANBUL 29 MAYIS ÜNÝVERSÝTESÝ,Eðitim Fakültesi,Ýngilizce Öðretmenliði ,202210386,DÝL,Turkish,100,6,6,,,,ÝSTANBUL,Marmara,---,---,---,8.758,6.261,188.360,315.530,,,,"%100,0",663,,"%24,9","%45,2",517,"6,3",,"3,2","%16,7","%66,7","%100,0",,24,18,42,31,
2023,MALTEPE ÜNÝVERSÝTESÝ,Eðitim Fakültesi,Ýngilizce Öðretmenliði,204110456,DÝL,English,100,7,7,,,,ÝSTANBUL,Marmara,1,1,3,15.955,13.066,398.295,659.539,,,"%25,0","%75,0",192,,"%4,2","%17,7","%64,1","7,9",,"6,9","%12,5","%12,5","%75,0",,61,31,92,52,32
2022,MALTEPE ÜNÝVERSÝTESÝ,Eðitim Fakültesi,Ýngilizce Öðretmenliði,204110456,DÝL,English,100,8,8,,,,ÝSTANBUL,Marmara,2,1,2,13.134,11.326,338.190,466.272,,,"%37,5","%75,0",232,,"%5,6","%17,7",148,"8,6",,"7,6",%,"%12,5","%87,5",,70,69,139,88,29
2021,MALTEPE ÜNÝVERSÝTESÝ,Eðitim Fakültesi,Ýngilizce Öðretmenliði,204110456,DÝL,English,100,8,8,,,,ÝSTANBUL,Marmara,2,---,4,10.223,7.606,243.192,386.339,,,"%62,5","%62,5",182,,"%7,7","%19,2","%66,5","7,4",,"3,4","%37,5","%62,5","%100,0",,47,56,103,82,24
2023,ÝSTANBUL KÜLTÜR ÜNÝVERSÝTESÝ,Eðitim Fakültesi,Ýngilizce Öðretmenliði,203090125,DÝL,English,100,8,8,,,,ÝSTANBUL,Marmara,1,---,2,16.420,12.560,361.873,622.905,,,"%44,4","%77,8",211,,"%7,6","%19,0","%66,4","7,9",,"7,0",%,%,"%88,9",,56,67,123,60,38
2022,ÝSTANBUL KÜLTÜR ÜNÝVERSÝTESÝ,Eðitim Fakültesi,Ýngilizce Öðretmenliði,203090125,DÝL,English,100,8,8,,,,ÝSTANBUL,Marmara,1,---,3,12.810,11.146,387.229,601.346,,,"%25,0","%87,5",291,,"%5,5","%17,9",190,"8,1",,"5,5","%12,5","%37,5","%87,5",,38,69,107,62,31
2021,ÝSTANBUL KÜLTÜR ÜNÝVERSÝTESÝ,Eðitim Fakültesi,Ýngilizce Öðretmenliði,203090125,DÝL,English,100,8,8,,,,ÝSTANBUL,Marmara,1,---,3,10.725,8.947,313.287,403.718,,,"%25,0","%75,0",201,,"%10,9","%24,4","%70,6","7,1",,"4,4","%12,5","%50,0","%100,0",,55,63,118,101,15
2023,BÝRUNÝ ÜNÝVERSÝTESÝ,Eðitim Fakültesi,Ýngilizce Öðretmenliði ,207650941,DÝL,Turkish,100,8,8,,,,ÝSTANBUL,Marmara,---,---,4,17.566,11.418,328.475,484.521,,,"%11,1","%88,9",181,,"%4,4","%14,4","%54,7","8,9",,"4,9",%,"%22,2","%100,0",,41,77,118,68,29
2022,BÝRUNÝ ÜNÝVERSÝTESÝ,Eðitim Fakültesi,Ýngilizce Öðretmenliði ,207650941,DÝL,Turkish,100,8,8,,,,ÝSTANBUL,Marmara,1,---,3,13.624,9.876,325.108,468.917,,,"%25,0","%75,0",311,,"%3,5","%13,5",202,"8,7",,"5,6","%12,5","%25,0","%100,0",,34,54,88,58,27
2021,BÝRUNÝ ÜNÝVERSÝTESÝ,Eðitim Fakültesi,Ýngilizce Öðretmenliði ,207650941,DÝL,Turkish,100,8,8,,,,ÝSTANBUL,Marmara,1,---,3,12.114,10.479,325.008,479.106,,,"%12,5","%87,5",188,,"%3,7","%16,0","%62,8","8,3",,"5,5","%12,5","%12,5","%100,0",,55,37,92,79,14
2023,ÜSKÜDAR ÜNÝVERSÝTESÝ,Ýnsan ve Toplum Bilimleri Fakültesi,Ýngilizce Mütercim ve Tercümanlýk ,206552533,DÝL,Turkish,100,8,8,,,,ÝSTANBUL,Marmara,---,---,4,14.521,9.295,443.269,922.702,,,"%66,7","%33,3",298,,"%13,8","%28,2","%68,5","7,4",,"4,7","%11,1","%44,4","%100,0",,50,41,91,32,19
2022,ÜSKÜDAR ÜNÝVERSÝTESÝ,Ýnsan ve Toplum Bilimleri Fakültesi,Ýngilizce Mütercim ve Tercümanlýk ,206552533,DÝL,Turkish,100,8,8,,,,ÝSTANBUL,Marmara,---,---,3,14.462,10.646,355.125,476.595,,,"%12,5","%87,5",405,,"%16,5","%29,4",283,"7,4",,"5,3","%12,5","%50,0","%87,5",,30,80,110,64,14
2021,ÜSKÜDAR ÜNÝVERSÝTESÝ,Ýnsan ve Toplum Bilimleri Fakültesi,Ýngilizce Mütercim ve Tercümanlýk ,206552533,DÝL,Turkish,100,6,6,,,,ÝSTANBUL,Marmara,---,---,3,13.284,4.913,365.479,502.296,,,"%16,7","%83,3",574,,"%7,3","%25,8","%69,5","7,7",,"3,2",%,"%66,7","%100,0",,15,54,69,30,
2023,ÝSTANBUL OKAN ÜNÝVERSÝTESÝ,Eðitim Fakültesi,Ýngilizce Öðretmenliði ,204712207,DÝL,Turkish,100,7,7,,,,ÝSTANBUL,Marmara,---,---,5,17.877,14.953,473.619,685.840,,,"%12,5","%87,5",165,,"%7,3","%13,3","%58,2","9,0",,"8,4","%25,0","%25,0","%62,5",,39,42,81,45,24
2022,ÝSTANBUL OKAN ÜNÝVERSÝTESÝ,Eðitim Fakültesi,Ýngilizce Öðretmenliði ,204712207,DÝL,Turkish,100,9,9,,,,ÝSTANBUL,Marmara,---,---,5,14.434,8.219,326.944,446.466,,,"%44,4","%66,7",211,,"%5,2","%13,3",126,"8,8",,"7,3","%11,1","%11,1","%77,8",,83,51,134,100,25
2021,ÝSTANBUL OKAN ÜNÝVERSÝTESÝ,Eðitim Fakültesi,Ýngilizce Öðretmenliði ,204712207,DÝL,Turkish,100,8,8,,,,ÝSTANBUL,Marmara,---,---,3,12.381,8.638,308.069,371.406,,,"%37,5","%87,5",139,,"%5,0","%15,8","%48,2","9,4",,"5,4","%12,5","%37,5","%87,5",,65,58,123,88,18
2023,ÝSTANBUL KÜLTÜR ÜNÝVERSÝTESÝ,Fen-Edebiyat Fakültesi,Ýngiliz Dili ve Edebiyatý,203010063,DÝL,English,100,11,11,,,,ÝSTANBUL,Marmara,2,---,6,15.895,13.300,381.682,648.500,,,"%16,7","%91,7",234,,"%7,3","%22,6","%67,5","7,7",,"5,3","%8,3","%25,0","%91,7",,49,93,142,77,49
2022,ÝSTANBUL KÜLTÜR ÜNÝVERSÝTESÝ,Fen-Edebiyat Fakültesi,Ýngiliz Dili ve Edebiyatý,203010063,DÝL,English,100,12,12,,,,ÝSTANBUL,Marmara,1,1,6,14.235,7.028,305.605,469.906,,,"%25,0","%83,3",303,,"%6,6","%21,8",181,"8,6",,"5,3",%,"%16,7","%100,0",,42,65,107,58,55
2021,ÝSTANBUL KÜLTÜR ÜNÝVERSÝTESÝ,Fen-Edebiyat Fakültesi,Ýngiliz Dili ve Edebiyatý,203010063,DÝL,English,100,10,10,,,,ÝSTANBUL,Marmara,1,1,3,12.224,7.283,360.359,538.085,,,"%10,0","%100,0",176,,"%8,5","%26,7","%70,5","7,1",,"4,0",%,"%30,0","%100,0",,47,64,111,70,40
2023,ÝSTANBUL BEYKENT ÜNÝVERSÝTESÝ,Fen-Edebiyat Fakültesi,Ýngilizce Mütercim ve Tercümanlýk ,210301221,DÝL,Turkish,100,11,11,,,,ÝSTANBUL,Marmara,---,---,5,15.611,13.072,440.847,637.566,,,"%25,0","%91,7",260,,"%3,5","%17,7","%63,5","8,5",,"6,1",%,"%16,7","%91,7",,56,87,143,79,39
2022,BEYKENT ÜNÝVERSÝTESÝ,Fen-Edebiyat Fakültesi,Ýngilizce Mütercim ve Tercümanlýk ,200790435,DÝL,Turkish,100,12,12,,,,ÝSTANBUL,Marmara,---,---,4,12.641,7.845,283.118,454.057,,,"%50,0","%58,3",329,,"%4,6","%13,1",202,"8,6",,"5,0","%8,3","%25,0","%100,0",,65,79,144,87,29
2021,BEYKENT ÜNÝVERSÝTESÝ,Fen-Edebiyat Fakültesi,Ýngilizce Mütercim ve Tercümanlýk ,200790435,DÝL,Turkish,100,10,10,,,,ÝSTANBUL,Marmara,---,---,4,10.852,7.620,334.105,450.437,,,"%10,0","%90,0",213,,"%6,6","%20,2","%65,7","7,8",,"4,1",%,"%30,0","%100,0",,28,61,89,64,10
2023,ÝHSAN DOÐRAMACI BÝLKENT ÜNÝVERSÝTESÝ,Ýnsani Bilimler ve Edebiyat Fakültesi,"Ýngilizce, Fransýzca Mütercim ve Tercümanlýk ",202190180,DÝL,Turkish,50,38,38,,,,ANKARA,Ýç Anadolu,---,---,---,10.366,1.466,190.164,399.563,,,"%65,8","%57,9",211,,"%19,4","%43,1","%82,5","5,7",,"3,2","%26,3","%68,4","%100,0",,156,193,349,58,165
2022,ÝHSAN DOÐRAMACI BÝLKENT ÜNÝVERSÝTESÝ,Ýnsani Bilimler ve Edebiyat Fakültesi,"Ýngilizce, Fransýzca Mütercim ve Tercümanlýk ",202190180,DÝL,Turkish,50,48,48,,,,ANKARA,Ýç Anadolu,---,---,---,9.718,1.658,178.846,379.842,,,"%62,5","%45,8",229,,"%14,0","%42,4",189,"5,9",,"3,7","%8,3","%60,4","%100,0",,197,229,426,81,141
2021,ÝHSAN DOÐRAMACI BÝLKENT ÜNÝVERSÝTESÝ,Ýnsani Bilimler ve Edebiyat Fakültesi,"Ýngilizce, Fransýzca Mütercim ve Tercümanlýk ",202190180,DÝL,Turkish,50,48,48,,,,ANKARA,Ýç Anadolu,---,---,---,8.940,2.301,223.865,423.817,,,"%66,7","%52,1",201,,"%20,4","%48,8","%87,6","5,1",,"2,4","%29,2","%79,2","%100,0",,187,232,419,76,46
2023,ÝSTÝNYE ÜNÝVERSÝTESÝ,Ýnsan ve Toplum Bilimleri Fakültesi,Ýngiliz Dili ve Edebiyatý,208450824,DÝL,English,100,5,5,,,,ÝSTANBUL,Marmara,---,---,3,16.143,8.835,345.254,529.790,,,"%16,7","%83,3",159,,"%1,9","%16,4","%59,1","8,8",,"5,5",%,"%33,3","%83,3",,15,31,46,29,36
2022,ÝSTÝNYE ÜNÝVERSÝTESÝ,Ýnsan ve Toplum Bilimleri Fakültesi,Ýngiliz Dili ve Edebiyatý,208450824,DÝL,English,100,6,6,,,,ÝSTANBUL,Marmara,1,---,3,14.391,8.785,417.023,599.752,,,"%16,7","%100,0",280,,"%2,5","%16,1",153,"9,4",,"5,5",%,"%16,7","%100,0",,25,33,58,28,18
2021,ÝSTÝNYE ÜNÝVERSÝTESÝ,Ýnsan ve Toplum Bilimleri Fakültesi,Ýngiliz Dili ve Edebiyatý,208450824,DÝL,English,100,10,10,,,,ÝSTANBUL,Marmara,1,---,3,14.947,8.460,436.976,922.499,,,"%20,0","%90,0",404,,"%8,2","%19,1","%62,1","9,0",,"4,8","%20,0","%60,0","%90,0",,47,69,116,55,
2023,DOÐUÞ ÜNÝVERSÝTESÝ,Fen-Edebiyat Fakültesi,Ýngilizce Mütercim ve Tercümanlýk ,201290313,DÝL,Turkish,100,9,9,,,,ÝSTANBUL,Marmara,1,---,2,16.609,7.217,411.264,653.261,,,"%40,0","%70,0",197,,"%5,1","%14,2","%56,9","8,8",,"4,7","%10,0","%50,0","%90,0",,31,75,106,52,27
2022,DOÐUÞ ÜNÝVERSÝTESÝ,Fen-Edebiyat Fakültesi,Ýngilizce Mütercim ve Tercümanlýk ,201290313,DÝL,Turkish,100,10,10,,,,ÝSTANBUL,Marmara,1,---,2,15.472,7.889,360.721,675.069,,,"%30,0","%70,0",299,,"%5,7","%18,4",180,"8,8",,"5,3","%10,0","%40,0","%90,0",,31,51,82,35,19
2021,DOÐUÞ ÜNÝVERSÝTESÝ,Fen-Edebiyat Fakültesi,Ýngilizce Mütercim ve Tercümanlýk ,201290313,DÝL,Turkish,100,9,9,,,,ÝSTANBUL,Marmara,1,---,2,15.844,7.319,437.353,724.636,,,"%11,1","%88,9",504,,"%9,7","%27,4","%74,4","7,4",,"4,2","%11,1","%22,2","%100,0",,33,51,84,44,
2023,ATILIM ÜNÝVERSÝTESÝ,Fen-Edebiyat Fakültesi,Ýngiliz Dili ve Edebiyatý,200210025,DÝL,English,100,6,6,,,,ANKARA,Ýç Anadolu,2,1,2,17.036,13.188,448.858,661.858,,,"%71,4","%28,6",225,,"%3,6","%11,1","%52,0","9,6",,"7,1",%,%,"%71,4",,41,36,78,29,23
2022,ATILIM ÜNÝVERSÝTESÝ,Fen-Edebiyat Fakültesi,Ýngiliz Dili ve Edebiyatý,200210025,DÝL,English,100,7,7,,,,ANKARA,Ýç Anadolu,2,---,3,17.620,13.725,500.751,733.848,,,"%57,1","%57,1",220,,"%4,1","%15,5",121,"9,6",,"8,9",%,"%14,3","%71,4",,40,48,88,41,22
2021,ATILIM ÜNÝVERSÝTESÝ,Fen-Edebiyat Fakültesi,Ýngiliz Dili ve Edebiyatý,200210025,DÝL,English,100,7,7,,,,ANKARA,Ýç Anadolu,2,---,3,16.199,13.307,529.571,690.510,,,"%14,3","%85,7",218,,"%3,7","%18,8","%64,2","8,2",,"5,4",%,"%28,6","%85,7",,36,40,76,38,13
2023,ÝSTANBUL AYDIN ÜNÝVERSÝTESÝ,Yabancý Diller Yüksekokulu,Ýngilizce Mütercim ve Tercümanlýk ,202490626,DÝL,Turkish,100,12,12,,,,ÝSTANBUL,Marmara,,,,15.798,10.418,360.160,595.716,,,"%30,8","%76,9",291,,"%6,2","%18,9","%71,1","7,5",,"5,2",%,"%23,1","%92,3",,75,88,163,15,39
2022,ÝSTANBUL AYDIN ÜNÝVERSÝTESÝ,Yabancý Diller Yüksekokulu,Ýngilizce Mütercim ve Tercümanlýk ,202490626,DÝL,Turkish,100,13,13,,,,ÝSTANBUL,Marmara,---,---,---,13.333,8.464,339.735,557.760,,,"%46,2","%69,2",361,,"%6,9","%20,2",218,"8,3",,"4,9",%,"%53,8","%92,3",,99,103,202,16,28
2021,ÝSTANBUL AYDIN ÜNÝVERSÝTESÝ,Yabancý Diller Yüksekokulu,Ýngilizce Mütercim ve Tercümanlýk ,202490626,DÝL,Turkish,100,13,13,,,,ÝSTANBUL,Marmara,---,---,---,11.745,9.035,335.941,497.924,,,"%38,5","%84,6",243,,"%10,3","%27,2","%72,4","7,2",,"4,3","%15,4","%38,5","%100,0",,46,63,109,15,
2023,ÝSTANBUL 29 MAYIS ÜNÝVERSÝTESÝ,Edebiyat Fakültesi,Ýngiliz Dili ve Edebiyatý,202210348,DÝL,English,100,7,7,,,,ÝSTANBUL,Marmara,---,---,3,13.441,8.560,307.471,487.531,,,"%37,5","%75,0",111,,"%4,5","%24,3","%63,1","8,3",,"5,3",%,"%37,5","%100,0",,34,92,126,63,22
2022,ÝSTANBUL 29 MAYIS ÜNÝVERSÝTESÝ,Edebiyat Fakültesi,Ýngiliz Dili ve Edebiyatý,202210348,DÝL,English,100,7,7,,,,ÝSTANBUL,Marmara,---,---,3,9.469,4.252,267.947,441.298,,,"%71,4","%57,1",187,,"%4,8","%22,5",121,"8,2",,"3,9","%42,9","%71,4","%85,7",,36,26,62,31,10
2021,ÝSTANBUL 29 MAYIS ÜNÝVERSÝTESÝ,Edebiyat Fakültesi,Ýngiliz Dili ve Edebiyatý,202210348,DÝL,English,100,6,6,,,,ÝSTANBUL,Marmara,---,---,3,9.980,6.256,311.580,454.746,,,"%66,7","%66,7",355,,"%7,6","%25,6","%68,7","8,0",,"2,8","%33,3","%66,7","%100,0",,15,35,58,14,
2023,ÝSTANBUL AYDIN ÜNÝVERSÝTESÝ,Fen-Edebiyat Fakültesi,Ýngiliz Dili ve Edebiyatý,202410768,DÝL,English,100,12,12,,,,ÝSTANBUL,Marmara,3,1,6,16.753,10.937,419.392,652.606,,,"%23,1","%76,9",312,,"%5,1","%19,2","%63,5","8,4",,"3,5","%30,8","%53,8","%100,0",,80,78,158,85,59
2022,ÝSTANBUL AYDIN ÜNÝVERSÝTESÝ,Fen-Edebiyat Fakültesi,Ýngiliz Dili ve Edebiyatý,202410768,DÝL,English,100,13,13,,,,ÝSTANBUL,Marmara,2,1,3,15.901,9.587,348.536,583.820,,,"%7,7","%92,3",399,,"%5,8","%20,3",235,"9,4",,"7,2","%23,1","%23,1","%69,2",,73,105,178,76,52
2021,ÝSTANBUL AYDIN ÜNÝVERSÝTESÝ,Fen-Edebiyat Fakültesi,Ýngiliz Dili ve Edebiyatý,202410768,DÝL,English,100,11,11,,,,ÝSTANBUL,Marmara,1,---,5,14.034,11.901,343.808,813.500,,,"%36,4","%90,9",336,,"%8,9","%21,1","%66,1","7,7",,"5,5","%18,2","%36,4","%90,9",,68,69,137,67,38
2023,ÝSTANBUL ATLAS ÜNÝVERSÝTESÝ,Ýnsan ve Toplum Bilimleri Fakültesi,Ýngilizce Mütercim ve Tercümanlýk ,209310010,DÝL,Turkish,100,6,6,,,,ÝSTANBUL,Marmara,---,---,3,18.011,11.592,342.472,590.455,,,"%14,3","%85,7",223,,"%5,8","%14,8","%51,6","9,4",,"4,1","%28,6","%42,9","%100,0",,8,51,59,31,28
2022,ÝSTANBUL ATLAS ÜNÝVERSÝTESÝ,Ýnsan ve Toplum Bilimleri Fakültesi,Ýngilizce Mütercim ve Tercümanlýk ,209310010,DÝL,Turkish,100,6,6,,,,ÝSTANBUL,Marmara,---,---,3,17.318,14.104,364.903,564.496,,,"%50,0","%66,7",260,,"%1,9","%8,1",147,"10,0",,"11,5",%,%,"%33,3",,34,61,95,55,22
2021,ÝSTANBUL ATLAS ÜNÝVERSÝTESÝ,Ýnsan ve Toplum Bilimleri Fakültesi,Ýngilizce Mütercim ve Tercümanlýk ,209310010,DÝL,Turkish,100,6,6,,,,ÝSTANBUL,Marmara,---,---,3,16.139,10.547,507.795,776.306,,,"%0,0","%100,0",333,,"%4,8","%15,9","%64,6","8,3",,"2,8","%50,0","%50,0","%100,0",,19,28,47,26,10
2023,ÝSTANBUL OKAN ÜNÝVERSÝTESÝ,Ýnsan ve Toplum Bilimleri Fakültesi,Rusça Mütercim ve Tercümanlýk ,204790529,DÝL,Turkish,100,4,4,,,,ÝSTANBUL,Marmara,1,---,1,18.695,13.434,441.249,519.636,,,,"%100,0",45,,"%4,4","%24,4","%77,8","6,7",,"3,8",%,"%50,0","%100,0",,40,13,54,5,10
2022,ÝSTANBUL OKAN ÜNÝVERSÝTESÝ,Ýnsan ve Toplum Bilimleri Fakültesi,Rusça Mütercim ve Tercümanlýk ,204790529,DÝL,Turkish,100,3,3,,,,ÝSTANBUL,Marmara,---,---,1,12.769,7.787,259.102,293.177,,,"%33,3","%66,7",56,,"%1,8","%17,9",31,"9,3",,"3,7",%,"%66,7","%100,0",,16,18,34,4,9
2021,ÝSTANBUL OKAN ÜNÝVERSÝTESÝ,Ýnsan ve Toplum Bilimleri Fakültesi,Rusça Mütercim ve Tercümanlýk ,204790529,DÝL,Turkish,100,3,3,,,,ÝSTANBUL,Marmara,---,---,2,7.836,5.247,228.966,289.527,,,"%66,7","%66,7",37,,%,"%35,1","%70,3","8,0",,"3,0",%,"%66,7","%100,0",,5,12,17,3,4
2023,KTO KARATAY ÜNÝVERSÝTESÝ,Yabancý Diller Yüksekokulu,Ýngilizce Mütercim ve Tercümanlýk ,204090124,DÝL,Turkish,100,9,9,,,,KONYA,Ýç Anadolu,,,,19.928,9.161,368.413,693.187,,,"%9,1","%90,9",150,,"%18,7","%42,0","%84,0","5,5",,"3,3","%45,5","%63,6","%100,0",,43,21,64,16,40
2022,KTO KARATAY ÜNÝVERSÝTESÝ,Yabancý Diller Yüksekokulu,Ýngilizce Mütercim ve Tercümanlýk ,204090124,DÝL,Turkish,100,10,10,,,,KONYA,Ýç Anadolu,---,---,---,21.104,1.647,308.581,567.924,,,,"%100,0",151,,"%15,2","%44,4",116,"6,3",,"1,7","%50,0","%100,0","%100,0",,32,11,43,23,30
2021,KTO KARATAY ÜNÝVERSÝTESÝ,Yabancý Diller Yüksekokulu,Ýngilizce Mütercim ve Tercümanlýk ,204090124,DÝL,Turkish,100,10,10,,,,KONYA,Ýç Anadolu,---,---,---,19.085,8.900,402.641,622.685,,,"%0,0","%100,0",108,,"%24,1","%63,0","%86,1","4,4",,"1,6","%70,0","%90,0","%100,0",,33,11,44,24,13
2023,HALÝÇ ÜNÝVERSÝTESÝ,Fen-Edebiyat Fakültesi,Amerikan Kültürü ve Edebiyatý ,201910024,DÝL,Turkish,100,9,9,,,,ÝSTANBUL,Marmara,---,1,2,18.226,13.601,458.916,1.045.672,,,"%40,0","%80,0",220,,"%4,1","%17,3","%59,1","8,7",,"6,0",%,"%40,0","%80,0",,56,57,113,24,38
2022,HALÝÇ ÜNÝVERSÝTESÝ,Fen-Edebiyat Fakültesi,Amerikan Kültürü ve Edebiyatý ,201910024,DÝL,Turkish,100,10,10,,,,ÝSTANBUL,Marmara,---,---,4,17.414,13.216,381.840,624.602,,,"%20,0","%90,0",353,,"%5,4","%15,3",213,"8,9",,"8,5",%,"%20,0","%60,0",,64,57,121,21,35
2021,HALÝÇ ÜNÝVERSÝTESÝ,Fen-Edebiyat Fakültesi,Amerikan Kültürü ve Edebiyatý ,201910024,DÝL,Turkish,100,9,9,,,,ÝSTANBUL,Marmara,---,---,3,20.630,12.316,421.401,618.710,,,"%22,2","%88,9",110,,"%5,5","%22,7","%59,1","8,3",,"5,9","%11,1","%33,3","%88,9",,69,64,133,19,35
2023,YAÞAR ÜNÝVERSÝTESÝ,Uygulamalý Bilimler Yüksekokulu,Turizm Rehberliði,206010981,DÝL,English,100,4,4,,,,ÝZMÝR,Ege,2,2,---,18.202,11.686,297.270,360.825,,,"%33,3","%83,3",75,,"%13,3","%32,0","%66,7","8,0",,"2,8","%33,3","%83,3","%100,0",,24,16,40,5,19
2022,YAÞAR ÜNÝVERSÝTESÝ,Uygulamalý Bilimler Yüksekokulu,Turizm Rehberliði,206010981,DÝL,English,100,3,3,,,,ÝZMÝR,Ege,---,---,---,14.028,11.808,203.451,241.732,,,,"%100,0",74,,"%12,2","%28,4",52,"7,1",,"2,3","%33,3","%66,7","%100,0",,23,15,38,3,15
2021,YAÞAR ÜNÝVERSÝTESÝ,Uygulamalý Bilimler Yüksekokulu,Turizm Rehberliði,206010981,DÝL,English,100,3,3,,,,ÝZMÝR,Ege,---,---,---,13.721,12.110,522.182,861.964,,,"%33,3","%100,0",38,,"%18,4","%39,5","%76,3","6,2",,"2,0","%66,7","%66,7","%100,0",,16,7,23,4,13
2023,FENERBAHÇE ÜNÝVERSÝTESÝ,"Ýktisadi, Ýdari ve Sosyal Bilimler Fakültesi",Ýngiliz Dili ve Edebiyatý,209010074,DÝL,English,100,8,8,,,,ÝSTANBUL,Marmara,1,---,3,20.669,13.690,431.469,697.602,,,"%11,1","%88,9",191,,"%5,2","%13,6","%55,0","9,4",,"6,1","%22,2","%33,3","%88,9",,20,68,88,42,23
2022,FENERBAHÇE ÜNÝVERSÝTESÝ,"Ýktisadi, Ýdari ve Sosyal Bilimler Fakültesi",Ýngiliz Dili ve Edebiyatý,209010074,DÝL,English,100,8,8,,,,ÝSTANBUL,Marmara,---,1,2,17.925,10.914,372.037,678.936,,,"%25,0","%87,5",233,,"%5,2","%13,7",128,"9,7",,"8,1",%,"%12,5","%75,0",,47,61,108,34,14
2021,FENERBAHÇE ÜNÝVERSÝTESÝ,"Ýktisadi, Ýdari ve Sosyal Bilimler Fakültesi",Ýngiliz Dili ve Edebiyatý,209010074,DÝL,English,100,6,6,,,,ÝSTANBUL,Marmara,---,1,2,18.212,12.805,446.108,630.940,,,"%83,3","%66,7",394,,"%15,5","%31,0","%65,2","8,3",,"3,0","%33,3","%66,7","%100,0",,35,40,76,34,
2023,ÝSTANBUL GELÝÞÝM ÜNÝVERSÝTESÝ,Uygulamalý Bilimler Fakültesi,Ýngilizce Mütercim ve Tercümanlýk ,202790579,DÝL,Turkish,100,9,9,,,,ÝSTANBUL,Marmara,---,---,4,19.930,14.232,542.365,663.792,,,"%27,3","%72,7",243,,"%4,9","%14,8","%55,6","9,4",,"7,0","%27,3","%45,5","%63,6",,39,102,141,77,30
2022,ÝSTANBUL GELÝÞÝM ÜNÝVERSÝTESÝ,Uygulamalý Bilimler Fakültesi,Ýngilizce Mütercim ve Tercümanlýk ,202790579,DÝL,Turkish,100,9,9,,,,ÝSTANBUL,Marmara,1,---,3,18.084,13.792,448.199,661.725,,,"%22,2","%77,8",293,,"%7,2","%18,4",159,"9,9",,"8,6","%11,1","%22,2","%55,6",,33,95,128,59,19
2021,ÝSTANBUL GELÝÞÝM ÜNÝVERSÝTESÝ,Uygulamalý Bilimler Fakültesi,Ýngilizce Mütercim ve Tercümanlýk ,202790579,DÝL,Turkish,100,8,8,,,,ÝSTANBUL,Marmara,1,---,2,17.585,14.156,451.730,643.299,,,"%37,5","%75,0",465,,"%3,9","%19,1","%66,9","8,3",,"3,0","%50,0","%62,5","%100,0",,21,51,74,23,
2023,DOÐUÞ ÜNÝVERSÝTESÝ,Fen-Edebiyat Fakültesi,Ýngiliz Dili ve Edebiyatý,201210049,DÝL,English,100,8,8,,,,ÝSTANBUL,Marmara,---,---,4,18.575,13.445,415.532,566.810,,,"%11,1","%88,9",194,,"%4,1","%17,0","%54,1","9,5",,"3,4","%44,4","%55,6","%100,0",,12,61,73,43,46
2022,DOÐUÞ ÜNÝVERSÝTESÝ,Fen-Edebiyat Fakültesi,Ýngiliz Dili ve Edebiyatý,201210049,DÝL,English,100,8,8,,,,ÝSTANBUL,Marmara,---,---,4,17.820,7.911,388.733,591.542,,,"%12,5","%87,5",296,,"%6,1","%15,2",169,"9,3",,"7,6","%12,5","%25,0","%75,0",,45,62,107,33,48
2021,DOÐUÞ ÜNÝVERSÝTESÝ,Fen-Edebiyat Fakültesi,Ýngiliz Dili ve Edebiyatý,201210049,DÝL,English,100,12,12,,,,ÝSTANBUL,Marmara,---,---,4,18.545,9.786,463.011,1.190.155,,,"%33,3","%91,7",145,,"%4,8","%20,7","%57,2","8,6",,"4,6","%16,7","%58,3","%91,7",,46,96,142,90,38
2023,ÝSTANBUL BEYKENT ÜNÝVERSÝTESÝ,Fen-Edebiyat Fakültesi,Ýngiliz Dili ve Edebiyatý ,210301207,DÝL,Turkish,100,11,11,,,,ÝSTANBUL,Marmara,1,---,3,19.972,10.266,485.520,1.062.395,,,"%33,3","%75,0",228,,"%5,3","%18,4","%60,1","9,1",,"5,9","%33,3","%50,0","%83,3",,80,88,168,74,43
2022,BEYKENT ÜNÝVERSÝTESÝ,Fen-Edebiyat Fakültesi,Ýngiliz Dili ve Edebiyatý ,200710029,DÝL,Turkish,100,12,12,,,,ÝSTANBUL,Marmara,1,---,3,16.429,12.809,348.769,565.028,,,"%58,3","%58,3",308,,"%1,9","%10,4",164,"10,2",,"8,3",%,"%16,7","%66,7",,72,87,159,66,42
2021,BEYKENT ÜNÝVERSÝTESÝ,Fen-Edebiyat Fakültesi,Ýngiliz Dili ve Edebiyatý ,200710029,DÝL,Turkish,100,11,11,,,,ÝSTANBUL,Marmara,1,---,3,14.743,10.189,439.089,1.029.403,,,"%36,4","%72,7",197,,"%3,6","%19,3","%62,9","8,1",,"3,5","%9,1","%63,6","%100,0",,44,99,143,57,34
2023,ÝSTANBUL ATLAS ÜNÝVERSÝTESÝ,Ýnsan ve Toplum Bilimleri Fakültesi,Ýngiliz Dili ve Edebiyatý,209310048,DÝL,English,100,4,4,,,,ÝSTANBUL,Marmara,1,---,3,19.366,16.877,509.225,619.368,,,"%20,0","%80,0",202,,"%2,0","%9,9","%49,5","10,6",,"6,0","%20,0","%40,0","%80,0",,9,29,38,22,22
2022,ÝSTANBUL ATLAS ÜNÝVERSÝTESÝ,Ýnsan ve Toplum Bilimleri Fakültesi,Ýngiliz Dili ve Edebiyatý,209310048,DÝL,English,100,5,5,,,,ÝSTANBUL,Marmara,1,---,2,19.790,19.276,456.793,634.150,,,"%20,0","%80,0",284,,"%2,5","%9,2",139,"10,0",,"8,6",%,%,"%80,0",,12,64,76,31,17
2021,ÝSTANBUL ATLAS ÜNÝVERSÝTESÝ,Ýnsan ve Toplum Bilimleri Fakültesi,Ýngiliz Dili ve Edebiyatý,209310048,DÝL,English,100,6,6,,,,ÝSTANBUL,Marmara,1,---,2,20.057,13.337,683.072,1.192.719,,,"%16,7","%83,3",268,,"%2,2","%11,9","%51,5","9,8",,"7,8",%,"%16,7","%66,7",,30,63,93,42,8
2023,ÝSTANBUL YENÝ YÜZYIL ÜNÝVERSÝTESÝ,Fen-Edebiyat Fakültesi,Ýngilizce Mütercim ve Tercümanlýk ,206290198,DÝL,Turkish,100,8,8,,,,ÝSTANBUL,Marmara,3,---,2,19.098,16.769,341.240,513.072,,,"%33,3","%66,7",195,,"%7,7","%21,5","%59,5","9,1",,"6,8",%,"%33,3","%77,8",,33,70,103,62,29
2022,ÝSTANBUL YENÝ YÜZYIL ÜNÝVERSÝTESÝ,Fen-Edebiyat Fakültesi,Ýngilizce Mütercim ve Tercümanlýk ,206290198,DÝL,Turkish,100,7,7,,,,ÝSTANBUL,Marmara,1,1,1,16.011,12.998,338.456,509.897,,,"%28,6","%71,4",276,,"%4,0","%15,9",152,"10,0",,"10,4",%,"%14,3","%71,4",,38,91,129,68,21
2021,ÝSTANBUL YENÝ YÜZYIL ÜNÝVERSÝTESÝ,Fen-Edebiyat Fakültesi,Ýngilizce Mütercim ve Tercümanlýk ,206290198,DÝL,Turkish,100,8,8,,,,ÝSTANBUL,Marmara,1,1,1,15.379,13.421,479.780,758.954,,,"%37,5","%62,5",156,,"%3,2","%12,8","%55,8","9,7",,"4,3","%12,5","%50,0","%100,0",,20,69,90,63,8
2023,ÝSTANBUL AREL ÜNÝVERSÝTESÝ,Fen-Edebiyat Fakültesi,Ýngilizce Mütercim ve Tercümanlýk ,202390197,DÝL,Turkish,100,4,4,,,,ÝSTANBUL,Marmara,---,---,4,17.102,16.767,369.246,481.178,,,"%20,0","%80,0",151,,"%2,6","%13,2","%52,3","9,7",,"5,6","%20,0","%40,0","%80,0",,1,74,75,37,27
2022,ÝSTANBUL AREL ÜNÝVERSÝTESÝ,Fen-Edebiyat Fakültesi,Ýngilizce Mütercim ve Tercümanlýk ,202390197,DÝL,Turkish,100,3,3,,,,ÝSTANBUL,Marmara,---,---,3,15.062,14.940,396.408,526.560,,,"%66,7","%100,0",212,,"%2,8","%9,9",104,"10,8",,"8,3",%,"%33,3","%66,7",,23,36,59,15,
2021,ÝSTANBUL AREL ÜNÝVERSÝTESÝ,Fen-Edebiyat Fakültesi,Ýngilizce Mütercim ve Tercümanlýk ,202390197,DÝL,Turkish,100,8,8,,,,ÝSTANBUL,Marmara,---,---,3,16.661,11.899,444.216,795.605,,,"%75,0","%62,5",177,,"%4,5","%13,0","%54,2","9,8",,"8,3","%12,5","%12,5","%75,0",,56,86,142,73,
2023,ÝSTANBUL NÝÞANTAÞI ÜNÝVERSÝTESÝ,"Ýktisadi, Ýdari ve Sosyal Bilimler Fakültesi",Ýngilizce Mütercim ve Tercümanlýk ,210401858,DÝL,Turkish,100,10,10,,,,ÝSTANBUL,Marmara,---,---,5,20.044,15.251,528.296,831.515,,,"%45,5","%72,7",319,,"%9,4","%23,2","%59,9","8,9",,"4,4","%18,2","%36,4","%90,9",,79,64,144,46,41
2022,NÝÞANTAÞI ÜNÝVERSÝTESÝ,"Ýktisadi, Ýdari ve Sosyal Bilimler Fakültesi",Ýngilizce Mütercim ve Tercümanlýk ,204590354,DÝL,Turkish,100,11,11,,,,ÝSTANBUL,Marmara,---,---,3,18.848,10.692,368.803,527.674,,,"%36,4","%63,6",420,,"%7,6","%18,3",242,"9,3",,"5,8","%9,1","%27,3","%100,0",,76,61,139,44,30
2021,NÝÞANTAÞI ÜNÝVERSÝTESÝ,"Ýktisadi, Ýdari ve Sosyal Bilimler Fakültesi",Ýngilizce Mütercim ve Tercümanlýk ,204590354,DÝL,Turkish,100,9,9,,,,ÝSTANBUL,Marmara,---,---,3,18.213,9.050,400.966,629.603,,,"%22,2","%77,8",476,,"%9,7","%23,7","%65,3","8,5",,"5,0","%11,1","%44,4","%88,9",,21,75,96,35,12
2023,ÝSTANBUL SABAHATTÝN ZAÝM ÜNÝVERSÝTESÝ,Eðitim Fakültesi,Arapça Öðretmenliði ,203211095,DÝL,Turkish,100,5,5,,,,ÝSTANBUL,Marmara,---,1,3,25.149,21.237,985.097,1.746.826,,,"%16,7","%83,3",123,,"%6,5","%29,3","%75,6","6,5",,"2,0","%50,0","%83,3","%100,0",,17,25,42,13,16
2022,ÝSTANBUL SABAHATTÝN ZAÝM ÜNÝVERSÝTESÝ,Eðitim Fakültesi,Arapça Öðretmenliði ,203211095,DÝL,Turkish,100,5,5,,,,ÝSTANBUL,Marmara,---,---,4,23.502,7.029,565.463,1.287.668,,,"%60,0","%40,0",108,,"%12,0","%43,5",92,"5,5",,"1,2","%80,0","%100,0","%100,0",,18,25,43,18,24
2021,ÝSTANBUL SABAHATTÝN ZAÝM ÜNÝVERSÝTESÝ,Eðitim Fakültesi,Arapça Öðretmenliði ,203211095,DÝL,Turkish,100,5,5,,,,ÝSTANBUL,Marmara,---,---,4,6.680,2.543,360.517,459.669,,,"%0,0","%100,0",92,,"%17,4","%59,8","%90,2","4,5",,"2,4","%80,0","%80,0","%100,0",,15,12,27,8,26
2023,ÝSTANBUL SAÐLIK VE TEKNOLOJÝ ÜNÝVERSÝTESÝ,Yabancý Diller Yüksekokulu,Ýngilizce Mütercim ve Tercümanlýk ,209410063,DÝL,Turkish,100,5,5,,,,ÝSTANBUL,Marmara,,,,20.192,16.511,460.172,638.816,,,"%33,3","%66,7",169,,"%3,6","%16,0","%53,8","9,5",,"6,5","%16,7","%66,7","%66,7",,23,50,73,6,
2022,ÝSTANBUL SAÐLIK VE TEKNOLOJÝ ÜNÝVERSÝTESÝ,Yabancý Diller Yüksekokulu,Ýngilizce Mütercim ve Tercümanlýk ,209410063,DÝL,Turkish,100,3,3,,,,ÝSTANBUL,Marmara,---,---,---,18.869,15.762,378.830,604.719,,,,"%100,0",332,,"%3,6","%15,4",169,"10,4",,"9,3",%,%,"%66,7",,9,28,37,4,9
2021,ÝSTANBUL SAÐLIK VE TEKNOLOJÝ ÜNÝVERSÝTESÝ,Yabancý Diller Yüksekokulu,Ýngilizce Mütercim ve Tercümanlýk ,209410063,DÝL,Turkish,100,6,6,,,,ÝSTANBUL,Marmara,---,---,---,24.163,20.162,490.945,679.126,,,"%50,0","%83,3",226,,"%1,3","%13,3","%58,0","9,8",,"7,2","%16,7","%33,3","%83,3",,33,68,101,7,
2023,ÝSTANBUL TOPKAPI ÜNÝVERSÝTESÝ,"Ýktisadi, Ýdari ve Sosyal Bilimler Fakültesi",Ýngilizce Mütercim ve Tercümanlýk ,205090226,DÝL,Turkish,100,5,5,,,,ÝSTANBUL,Marmara,---,---,4,20.956,17.562,408.970,642.283,,,"%42,9","%71,4",601,,"%15,8","%38,1","%77,0","7,0",,"7,0",%,"%14,3","%85,7",,17,81,98,46,6
2023,ÝSTANBUL YENÝ YÜZYIL ÜNÝVERSÝTESÝ,Fen-Edebiyat Fakültesi,Ýngiliz Dili ve Edebiyatý,206210088,DÝL,English,100,8,8,,,,ÝSTANBUL,Marmara,1,---,5,22.345,18.854,452.232,703.143,,,,"%100,0",197,,"%6,1","%14,2","%50,3","9,5",,"5,3",%,"%25,0","%100,0",,23,115,138,59,33
2022,ÝSTANBUL YENÝ YÜZYIL ÜNÝVERSÝTESÝ,Fen-Edebiyat Fakültesi,Ýngiliz Dili ve Edebiyatý,206210088,DÝL,English,100,7,7,,,,ÝSTANBUL,Marmara,1,1,6,19.321,11.406,489.059,607.102,,,,"%100,0",231,,"%1,3","%10,4",106,"11,2",,"9,1",%,"%14,3","%57,1",,59,43,102,59,29
2021,ÝSTANBUL YENÝ YÜZYIL ÜNÝVERSÝTESÝ,Fen-Edebiyat Fakültesi,Ýngiliz Dili ve Edebiyatý,206210088,DÝL,English,100,8,8,,,,ÝSTANBUL,Marmara,1,1,5,18.726,14.244,372.305,592.671,,,"%25,0","%75,0",162,,"%3,7","%14,8","%48,1","9,8",,"4,4",%,"%62,5","%100,0",,22,60,83,50,20
2023,ÝHSAN DOÐRAMACI BÝLKENT ÜNÝVERSÝTESÝ,Ýnsani Bilimler ve Edebiyat Fakültesi,Ýngiliz Dili ve Edebiyatý,202110717,DÝL,English,50,48,48,,,,ANKARA,Ýç Anadolu,---,---,---,22.527,2.513,423.338,915.628,,,"%45,8","%58,3",210,,"%11,4","%36,2","%79,5","6,5",,"3,8","%22,9","%62,5","%95,8",,187,319,506,205,197
2022,ÝHSAN DOÐRAMACI BÝLKENT ÜNÝVERSÝTESÝ,Ýnsani Bilimler ve Edebiyat Fakültesi,Ýngiliz Dili ve Edebiyatý,202110717,DÝL,English,50,48,48,,,,ANKARA,Ýç Anadolu,---,---,---,17.419,3.517,326.550,688.082,,,"%68,8","%39,6",260,,"%7,3","%24,2",190,"7,3",,"5,0","%10,4","%39,6","%87,5",,246,294,540,218,210
2021,ÝHSAN DOÐRAMACI BÝLKENT ÜNÝVERSÝTESÝ,Ýnsani Bilimler ve Edebiyat Fakültesi,Ýngiliz Dili ve Edebiyatý,202110717,DÝL,English,50,48,48,,,,ANKARA,Ýç Anadolu,---,---,---,15.501,3.495,378.602,879.355,,,"%68,8","%35,4",272,,"%12,5","%39,3","%84,6","5,7",,"2,8","%22,9","%77,1","%100,0",,155,211,366,175,198
2023,HASAN KALYONCU ÜNÝVERSÝTESÝ,Eðitim Fakültesi,Ýngilizce Öðretmenliði,201610821,DÝL,English,100,7,7,,,,GAZÝANTEP,Güneydoðu Anadolu,1,---,2,23.915,7.183,373.336,639.218,,,"%37,5","%75,0",276,,"%12,7","%47,1","%77,5","6,6",,"2,1","%75,0","%87,5","%100,0",,30,14,44,34,30
2022,HASAN KALYONCU ÜNÝVERSÝTESÝ,Eðitim Fakültesi,Ýngilizce Öðretmenliði,201610821,DÝL,English,100,9,9,,,,GAZÝANTEP,Güneydoðu Anadolu,1,---,4,21.376,16.258,431.234,688.940,,,"%33,3","%88,9",189,,"%13,2","%44,4",139,"6,9",,"4,6","%22,2","%77,8","%88,9",,107,10,117,94,29
2021,HASAN KALYONCU ÜNÝVERSÝTESÝ,Eðitim Fakültesi,Ýngilizce Öðretmenliði,201610821,DÝL,English,100,8,8,,,,GAZÝANTEP,Güneydoðu Anadolu,1,---,3,18.431,8.220,401.939,630.605,,,"%25,0","%87,5",189,,"%16,4","%47,6","%75,7","6,2",,"3,9","%62,5","%75,0","%75,0",,44,10,54,42,20
2023,ÝSTANBUL NÝÞANTAÞI ÜNÝVERSÝTESÝ,"Ýktisadi, Ýdari ve Sosyal Bilimler Fakültesi",Ýngiliz Dili ve Edebiyatý,210401837,DÝL,English,100,10,10,,,,ÝSTANBUL,Marmara,---,---,5,21.859,17.573,509.807,741.451,,,"%27,3","%81,8",242,,"%9,5","%19,8","%55,4","9,4",,"7,4","%9,1","%27,3","%63,6",,65,66,131,58,35
2022,NÝÞANTAÞI ÜNÝVERSÝTESÝ,"Ýktisadi, Ýdari ve Sosyal Bilimler Fakültesi",Ýngiliz Dili ve Edebiyatý,204590351,DÝL,English,100,11,11,,,,ÝSTANBUL,Marmara,---,1,2,19.363,16.592,452.913,779.405,,,"%18,2","%81,8",416,,"%6,5","%19,5",253,"9,0",,"8,0","%18,2","%36,4","%63,6",,54,108,162,79,30
2021,NÝÞANTAÞI ÜNÝVERSÝTESÝ,"Ýktisadi, Ýdari ve Sosyal Bilimler Fakültesi",Ýngiliz Dili ve Edebiyatý,204590351,DÝL,English,100,9,9,,,,ÝSTANBUL,Marmara,---,---,3,20.674,15.556,432.349,671.033,,,"%33,3","%66,7",438,,"%8,4","%21,2","%59,4","9,1",,"5,6","%11,1","%44,4","%88,9",,29,76,105,46,12
2023,ÝSTANBUL AYDIN ÜNÝVERSÝTESÝ,Yabancý Diller Yüksekokulu,Rusça Mütercim ve Tercümanlýk ,202490623,DÝL,Turkish,100,4,4,,,,ÝSTANBUL,Marmara,,,,23.684,9.633,635.945,728.226,,,,"%100,0",95,,"%7,4","%17,9","%60,0","8,7",,"6,8","%50,0","%50,0","%75,0",,25,19,44,6,12
2022,ÝSTANBUL AYDIN ÜNÝVERSÝTESÝ,Yabancý Diller Yüksekokulu,Rusça Mütercim ve Tercümanlýk ,202490623,DÝL,Turkish,100,3,3,,,,ÝSTANBUL,Marmara,---,---,---,20.464,15.601,475.871,682.280,,,,"%100,0",113,,"%3,5","%22,1",66,"9,1",,"3,0","%33,3","%66,7","%100,0",,17,24,41,3,8
2021,ÝSTANBUL AYDIN ÜNÝVERSÝTESÝ,Yabancý Diller Yüksekokulu,Rusça Mütercim ve Tercümanlýk ,202490623,DÝL,Turkish,100,5,5,,,,ÝSTANBUL,Marmara,---,---,---,19.943,7.166,620.186,1.037.009,,,"%40,0","%60,0",110,,"%2,7","%19,1","%65,5","8,7",,"6,2","%20,0","%40,0","%80,0",,37,17,54,5,
2023,ÝSTANBUL GELÝÞÝM ÜNÝVERSÝTESÝ,"Ýktisadi, Ýdari ve Sosyal Bilimler Fakültesi",Ýngiliz Dili ve Edebiyatý,202712513,DÝL,English,100,12,12,,,,ÝSTANBUL,Marmara,1,---,2,23.387,18.036,546.746,969.653,,,"%38,5","%76,9",226,,"%2,2","%12,8","%52,2","9,8",,"6,6","%7,7","%38,5","%92,3",,61,93,154,80,49
2022,ÝSTANBUL GELÝÞÝM ÜNÝVERSÝTESÝ,"Ýktisadi, Ýdari ve Sosyal Bilimler Fakültesi",Ýngiliz Dili ve Edebiyatý,202712513,DÝL,English,100,12,12,,,,ÝSTANBUL,Marmara,1,---,2,19.579,15.963,398.926,849.651,,,"%25,0","%83,3",247,,"%2,8","%13,8",132,"10,1",,"7,1",%,"%16,7","%75,0",,58,122,180,99,46
2021,ÝSTANBUL GELÝÞÝM ÜNÝVERSÝTESÝ,"Ýktisadi, Ýdari ve Sosyal Bilimler Fakültesi",Ýngiliz Dili ve Edebiyatý,202712513,DÝL,English,100,11,11,,,,ÝSTANBUL,Marmara,1,---,4,17.942,13.240,498.088,681.312,,,"%36,4","%72,7",255,,"%5,9","%19,2","%60,0","8,8",,"3,2","%45,5","%54,5","%100,0",,26,81,110,53,30
2023,ÝSTANBUL TOPKAPI ÜNÝVERSÝTESÝ,"Ýktisadi, Ýdari ve Sosyal Bilimler Fakültesi",Ýngiliz Dili ve Edebiyatý,205090029,DÝL,English,100,10,10,,,,ÝSTANBUL,Marmara,1,---,4,24.151,19.577,555.144,784.227,,,"%20,0","%90,0",272,,"%3,3","%18,8","%57,7","9,8",,"8,4",%,"%20,0","%70,0",,60,93,153,60,38
2022,ÝSTANBUL TOPKAPI ÜNÝVERSÝTESÝ,"Ýktisadi, Ýdari ve Sosyal Bilimler Fakültesi",Ýngiliz Dili ve Edebiyatý,205090029,DÝL,English,100,11,11,,,,ÝSTANBUL,Marmara,1,---,4,21.292,18.877,502.191,768.262,,,"%27,3","%72,7",235,,"%2,6","%10,6",120,"10,5",,"9,1",%,"%9,1","%72,7",,52,97,149,87,32
2021,ÝSTANBUL AYVANSARAY ÜNÝVERSÝTESÝ,"Ýktisadi, Ýdari ve Sosyal Bilimler Fakültesi",Ýngiliz Dili ve Edebiyatý,205090029,DÝL,English,100,9,9,,,,ÝSTANBUL,Marmara,1,---,4,21.592,17.905,470.598,678.055,,,"%22,2","%88,9",166,,"%7,2","%19,3","%56,6","8,9",,"9,8","%11,1","%11,1","%66,7",,61,91,152,81,14
2023,ÝSTANBUL GELÝÞÝM ÜNÝVERSÝTESÝ,"Ýktisadi, Ýdari ve Sosyal Bilimler Fakültesi",Turizm Rehberliði ,202712531,DÝL,Turkish,100,5,5,,,,ÝSTANBUL,Marmara,1,1,2,25.750,23.536,735.812,981.574,,,"%20,0","%80,0",95,,"%11,6","%21,1","%55,8","8,7",,"9,6","%20,0","%20,0","%40,0",,45,34,80,13,25
2022,ÝSTANBUL GELÝÞÝM ÜNÝVERSÝTESÝ,"Ýktisadi, Ýdari ve Sosyal Bilimler Fakültesi",Turizm Rehberliði ,202712531,DÝL,Turkish,100,5,5,,,,ÝSTANBUL,Marmara,1,1,2,23.555,20.615,659.898,814.426,,,,"%100,0",130,,"%14,6","%28,5",73,"9,3",,"9,6","%20,0","%20,0","%60,0",,22,59,81,10,25
2021,ÝSTANBUL GELÝÞÝM ÜNÝVERSÝTESÝ,"Ýktisadi, Ýdari ve Sosyal Bilimler Fakültesi",Turizm Rehberliði ,202712531,DÝL,Turkish,100,5,5,,,,ÝSTANBUL,Marmara,1,---,2,26.520,19.136,674.547,1.462.217,,,"%0,0","%100,0",70,,"%8,6","%25,7","%58,6","8,7",,"9,0","%20,0","%40,0","%60,0",,16,36,52,7,20
2023,ÝSTANBUL BEYKENT ÜNÝVERSÝTESÝ,Fen-Edebiyat Fakültesi,Rusça Mütercim ve Tercümanlýk ,210301263,DÝL,Turkish,100,5,5,,,,ÝSTANBUL,Marmara,1,---,3,22.761,19.827,694.139,1.093.990,,,"%20,0","%80,0",97,,"%5,2","%19,6","%62,9","8,2",,"4,8",%,"%40,0","%100,0",,36,23,59,7,22
2022,BEYKENT ÜNÝVERSÝTESÝ,Fen-Edebiyat Fakültesi,Rusça Mütercim ve Tercümanlýk ,200790442,DÝL,Turkish,100,5,5,,,,ÝSTANBUL,Marmara,1,---,4,20.501,14.335,320.632,507.486,,,"%40,0","%80,0",106,,"%6,6","%22,6",64,"8,9",,"6,2","%40,0","%40,0","%80,0",,33,21,54,6,20
2021,BEYKENT ÜNÝVERSÝTESÝ,Fen-Edebiyat Fakültesi,Rusça Mütercim ve Tercümanlýk ,200790442,DÝL,Turkish,100,6,6,,,,ÝSTANBUL,Marmara,1,---,3,19.542,14.267,549.904,1.270.283,,,"%50,0","%66,7",99,,"%6,1","%20,2","%65,7","8,3",,"9,2",%,%,"%66,7",,40,32,74,7,6
2023,ÝSTANBUL NÝÞANTAÞI ÜNÝVERSÝTESÝ,"Ýktisadi, Ýdari ve Sosyal Bilimler Fakültesi",Ýngiliz Dili ve Edebiyatý,210401844,DÝL,English,0,1,1,,,,ÝSTANBUL,Marmara,---,---,---,65.106,65.106,1.042.527,1.042.527,,,,"%100,0",44,,"%4,5","%38,6","%79,5","7,8",,"2,0",%,"%100,0","%100,0",,1,4,5,4,53
2022,NÝÞANTAÞI ÜNÝVERSÝTESÝ,"Ýktisadi, Ýdari ve Sosyal Bilimler Fakültesi",Ýngiliz Dili ve Edebiyatý,204590350,DÝL,English,0,1,1,,,,ÝSTANBUL,Marmara,---,---,---,44.295,44.295,1.231.104,1.231.104,,,,"%100,0",86,,"%2,3","%19,8",59,"9,5",,"23,0",%,%,%,,---,24,24,4,50
2021,NÝÞANTAÞI ÜNÝVERSÝTESÝ,"Ýktisadi, Ýdari ve Sosyal Bilimler Fakültesi",Ýngiliz Dili ve Edebiyatý,204590350,DÝL,English,0,1,1,,,,ÝSTANBUL,Marmara,---,---,---,69.435,69.435,1.464.770,1.464.770,,,"%0,0","%100,0",12,,%,"%16,7","%50,0","10,6",,"4,0",%,%,"%100,0",,1,5,6,2,4
2023,ÝSTANBUL NÝÞANTAÞI ÜNÝVERSÝTESÝ,Uygulamalý Bilimler Yüksekokulu,Turizm Rehberliði ,210402558,DÝL,Turkish,100,6,6,,,,ÝSTANBUL,Marmara,---,---,3,24.970,17.053,494.915,677.498,,,"%14,3","%85,7",94,,"%11,7","%30,9","%64,9","8,2",,"5,9",%,"%28,6","%100,0",,19,31,50,6,28
2022,NÝÞANTAÞI ÜNÝVERSÝTESÝ,Uygulamalý Bilimler Yüksekokulu,Turizm Rehberliði ,204511202,DÝL,Turkish,100,5,5,,,,ÝSTANBUL,Marmara,---,---,---,22.347,17.912,798.095,1.369.851,,,"%20,0","%100,0",124,,"%10,5","%30,6",76,"8,6",,"4,8","%20,0","%20,0","%80,0",,14,29,43,6,24
2021,NÝÞANTAÞI ÜNÝVERSÝTESÝ,Uygulamalý Bilimler Yüksekokulu,Turizm Rehberliði ,204511202,DÝL,Turkish,100,5,5,,,,ÝSTANBUL,Marmara,---,---,---,24.478,20.578,638.150,987.836,,,"%40,0","%80,0",71,,"%15,5","%29,6","%62,0","8,2",,"4,0","%20,0","%60,0","%100,0",,12,30,42,5,18
2023,ÇAÐ ÜNÝVERSÝTESÝ,Fen-Edebiyat Fakültesi,Ýngilizce Mütercim ve Tercümanlýk ,201050717,DÝL,Turkish,100,12,12,,,,MERSÝN,Akdeniz,2,---,4,29.411,17.895,543.417,900.574,,,"%69,2","%84,6",279,,"%12,5","%35,5","%69,2","7,4",,"4,5","%23,1","%46,2","%100,0",,66,40,107,44,52
2022,ÇAÐ ÜNÝVERSÝTESÝ,Fen-Edebiyat Fakültesi,Ýngilizce Mütercim ve Tercümanlýk ,201050717,DÝL,Turkish,100,16,16,,,,MERSÝN,Akdeniz,2,---,5,29.714,8.532,505.653,745.705,,,"%56,3","%87,5",171,,"%24,0","%46,8",133,"6,4",,"4,9","%43,8","%68,8","%87,5",,118,54,172,65,45
2021,ÇAÐ ÜNÝVERSÝTESÝ,Fen-Edebiyat Fakültesi,Ýngilizce Mütercim ve Tercümanlýk ,201050717,DÝL,Turkish,100,11,11,,,,MERSÝN,Akdeniz,---,---,3,18.565,7.714,574.166,938.811,,,"%45,5","%100,0",140,,"%17,1","%44,3","%80,7","5,8",,"2,7","%36,4","%63,6","%100,0",,45,24,69,31,17
2023,ÝSTANBUL 29 MAYIS ÜNÝVERSÝTESÝ,Edebiyat Fakültesi,Arapça Mütercim ve Tercümanlýk ,202210340,DÝL,Turkish,100,6,6,,,,ÝSTANBUL,Marmara,1,---,3,17.616,1.668,191.527,407.042,,,"%42,9","%57,1",101,,"%22,8","%40,6","%83,2","5,0",,"2,3","%42,9","%71,4","%100,0",,34,28,62,7,10
2022,ÝSTANBUL 29 MAYIS ÜNÝVERSÝTESÝ,Edebiyat Fakültesi,Arapça Mütercim ve Tercümanlýk ,202210340,DÝL,Turkish,100,4,4,,,,ÝSTANBUL,Marmara,1,---,2,5.852,2.370,124.008,165.806,,,"%75,0","%25,0",131,,"%16,0","%46,6",109,"5,1",,"1,0","%100,0","%100,0","%100,0",,4,20,24,5,
2021,ÝSTANBUL 29 MAYIS ÜNÝVERSÝTESÝ,Edebiyat Fakültesi,Arapça Mütercim ve Tercümanlýk ,202210340,DÝL,Turkish,100,5,5,,,,ÝSTANBUL,Marmara,1,---,2,2.418,1.120,133.862,193.669,,,"%20,0","%80,0",95,,"%43,2","%61,1","%90,5","4,0",,"1,0","%100,0","%100,0","%100,0",,11,21,32,8,
2023,ÝSTANBUL AYDIN ÜNÝVERSÝTESÝ,Eðitim Fakültesi,Arapça Öðretmenliði ,202412164,DÝL,Turkish,100,4,4,,,,ÝSTANBUL,Marmara,3,---,3,33.303,29.671,1.082.888,1.768.654,,,"%40,0","%80,0",99,,"%4,0","%16,2","%70,7","7,3",,"7,4",%,"%40,0","%60,0",,18,23,41,11,21
2022,ÝSTANBUL AYDIN ÜNÝVERSÝTESÝ,Eðitim Fakültesi,Arapça Öðretmenliði ,202412164,DÝL,Turkish,100,3,3,,,,ÝSTANBUL,Marmara,3,---,2,25.758,17.862,835.478,915.769,,,,"%100,0",100,,"%14,0","%35,0",76,"6,1",,"2,7","%33,3","%66,7","%100,0",,7,12,19,10,17
2021,ÝSTANBUL AYDIN ÜNÝVERSÝTESÝ,Eðitim Fakültesi,Arapça Öðretmenliði ,202412164,DÝL,Turkish,100,4,4,,,,ÝSTANBUL,Marmara,3,---,3,12.577,9.180,364.509,364.509,,,"%50,0","%50,0",81,,"%11,1","%37,0","%87,7","5,8",,"2,3","%25,0","%100,0","%100,0",,11,24,35,15,22
2023,ÝHSAN DOÐRAMACI BÝLKENT ÜNÝVERSÝTESÝ,Ýnsani Bilimler ve Edebiyat Fakültesi,Amerikan Kültürü ve Edebiyatý,202110683,DÝL,English,50,37,37,,,,ANKARA,Ýç Anadolu,---,---,---,27.513,6.380,525.572,1.129.974,,,"%46,0","%62,2",213,,"%12,7","%35,7","%76,5","6,2",,"3,7","%27,0","%51,4","%94,6",,200,200,400,97,172
2022,ÝHSAN DOÐRAMACI BÝLKENT ÜNÝVERSÝTESÝ,Ýnsani Bilimler ve Edebiyat Fakültesi,Amerikan Kültürü ve Edebiyatý,202110683,DÝL,English,50,37,37,,,,ANKARA,Ýç Anadolu,---,---,---,23.754,14.076,529.503,1.223.376,,,"%43,2","%67,6",197,,"%9,1","%31,0",146,"6,9",,"6,0","%5,4","%43,2","%78,4",,198,248,446,121,177
2021,ÝHSAN DOÐRAMACI BÝLKENT ÜNÝVERSÝTESÝ,Ýnsani Bilimler ve Edebiyat Fakültesi,Amerikan Kültürü ve Edebiyatý,202110683,DÝL,English,50,37,37,,,,ANKARA,Ýç Anadolu,---,---,---,19.071,4.550,463.463,942.157,,,"%37,8","%70,3",240,,"%11,3","%39,2","%82,9","5,8",,"3,6","%16,2","%70,3","%94,6",,95,234,329,93,160
2023,KOÇ ÜNÝVERSÝTESÝ,Ýnsani Bilimler ve Edebiyat Fakültesi,Karþýlaþtýrmalý Edebiyat,203910829,DÝL,English,0,12,12,,,,ÝSTANBUL,Marmara,---,---,---,33.174,5.833,589.048,1.314.585,,,"%33,3","%66,7",60,,"%21,7","%36,7","%75,0","7,1",,"3,8","%33,3","%58,3","%91,7",,28,135,163,31,33
2022,KOÇ ÜNÝVERSÝTESÝ,Ýnsani Bilimler ve Edebiyat Fakültesi,Karþýlaþtýrmalý Edebiyat,203910829,DÝL,English,0,12,12,,,,ÝSTANBUL,Marmara,---,---,---,30.123,2.317,331.665,704.828,,,"%50,0","%50,0",45,,"%26,7","%40,0",34,"6,7",,"2,8","%41,7","%75,0","%100,0",,28,117,145,21,23
2021,KOÇ ÜNÝVERSÝTESÝ,Ýnsani Bilimler ve Edebiyat Fakültesi,Karþýlaþtýrmalý Edebiyat,203910829,DÝL,English,0,12,12,,,,ÝSTANBUL,Marmara,---,---,---,22.007,3.908,419.408,903.069,,,"%50,0","%66,7",38,,"%28,9","%55,3","%84,2","5,1",,"3,4","%41,7","%66,7","%91,7",,42,84,126,16,6
2023,ÝSTANBUL NÝÞANTAÞI ÜNÝVERSÝTESÝ,Uygulamalý Bilimler Yüksekokulu,Turizm Rehberliði ,210402565,DÝL,Turkish,0,1,1,,,,ÝSTANBUL,Marmara,---,---,---,71.872,71.872,1.548.422,1.548.422,,,,"%100,0",43,,%,"%48,8","%86,0","4,9",,"2,0",%,"%100,0","%100,0",,---,9,9,3,33
2022,NÝÞANTAÞI ÜNÝVERSÝTESÝ,Uygulamalý Bilimler Yüksekokulu,Turizm Rehberliði ,204590559,DÝL,Turkish,0,1,1,,,,ÝSTANBUL,Marmara,---,---,---,81.076,81.076,1.306.133,1.306.133,,,"%100,0",,35,,%,"%17,1",19,"12,1",,"3,0",%,"%100,0","%100,0",,---,4,4,2,31
2021,NÝÞANTAÞI ÜNÝVERSÝTESÝ,Uygulamalý Bilimler Yüksekokulu,Turizm Rehberliði ,204590559,DÝL,Turkish,0,1,0.0,,,,ÝSTANBUL,Marmara,---,---,---,---,---,,,,,,,2,,%,"%50,0","%100,0","5,5",,,,,,,,,,,10
2023,ÝSTANBUL AYDIN ÜNÝVERSÝTESÝ,Yabancý Diller Yüksekokulu,Arapça Mütercim ve Tercümanlýk ,202490624,DÝL,Turkish,100,4,4,,,,ÝSTANBUL,Marmara,,,,31.153,12.367,698.114,1.279.412,,,"%40,0","%80,0",117,,"%3,4","%23,1","%72,6","7,7",,"2,4","%40,0","%80,0","%100,0",,10,7,17,4,7
2022,ÝSTANBUL AYDIN ÜNÝVERSÝTESÝ,Yabancý Diller Yüksekokulu,Arapça Mütercim ve Tercümanlýk ,202490624,DÝL,Turkish,100,3,3,,,,ÝSTANBUL,Marmara,---,---,---,29.284,21.947,1.224.428,1.516.261,,,"%66,7","%66,7",100,,"%4,0","%26,0",67,"8,8",,"9,0","%33,3","%33,3","%33,3",,31,20,51,4,2
2021,ÝSTANBUL AYDIN ÜNÝVERSÝTESÝ,Yabancý Diller Yüksekokulu,Arapça Mütercim ve Tercümanlýk ,202490624,DÝL,Turkish,100,3,3,,,,ÝSTANBUL,Marmara,---,---,---,18.010,13.255,911.513,1.254.228,,,"%66,7","%66,7",53,,"%5,7","%24,5","%79,2","6,8",,"5,3","%33,3","%33,3","%100,0",,21,16,37,6,
2023,BAHÇEÞEHÝR ÜNÝVERSÝTESÝ,Eðitim Bilimleri Fakültesi,Ýngilizce Öðretmenliði,200511126,DÝL,English,50,22,22,,,,ÝSTANBUL,Marmara,---,---,---,29.192,8.800,544.756,960.194,,,"%22,7","%81,8",242,,"%10,7","%32,2","%74,0","6,9",,"4,1","%31,8","%72,7","%86,4",,84,135,220,131,83
2022,BAHÇEÞEHÝR ÜNÝVERSÝTESÝ,Eðitim Bilimleri Fakültesi,Ýngilizce Öðretmenliði,200511126,DÝL,English,50,22,22,,,,ÝSTANBUL,Marmara,---,---,---,26.704,15.124,461.928,787.164,,,"%50,0","%59,1",296,,"%12,5","%33,8",206,"7,3",,"5,2","%22,7","%50,0","%86,4",,83,191,274,185,108
2021,BAHÇEÞEHÝR ÜNÝVERSÝTESÝ,Eðitim Bilimleri Fakültesi,Ýngilizce Öðretmenliði,200511126,DÝL,English,50,20,20,,,,ÝSTANBUL,Marmara,---,---,---,24.038,8.086,545.180,1.107.341,,,"%25,0","%80,0",233,,"%11,2","%34,3","%71,2","7,2",,"3,4","%30,0","%60,0","%95,0",,71,107,179,123,124
2023,KAPADOKYA ÜNÝVERSÝTESÝ,Beþeri Bilimler Fakültesi,Ýngilizce Mütercim ve Tercümanlýk ,203851892,DÝL,Turkish,100,8,8,,,,NEVÞEHÝR,Ýç Anadolu,---,1,3,33.666,28.541,736.062,1.518.302,,,"%88,9","%44,4",180,,"%8,3","%22,8","%61,7","8,8",,"7,3","%22,2","%22,2","%77,8",,59,20,79,21,30
2022,KAPADOKYA ÜNÝVERSÝTESÝ,Beþeri Bilimler Fakültesi,Ýngilizce Mütercim ve Tercümanlýk ,203851892,DÝL,Turkish,100,8,8,,,,NEVÞEHÝR,Ýç Anadolu,1,---,4,32.276,23.563,441.466,837.098,,,"%100,0","%37,5",150,,"%13,3","%28,0",91,"9,3",,"10,3","%25,0","%37,5","%50,0",,105,21,126,43,23
2021,KAPADOKYA ÜNÝVERSÝTESÝ,Beþeri Bilimler Fakültesi,Ýngilizce Mütercim ve Tercümanlýk ,203851892,DÝL,Turkish,100,8,8,,,,NEVÞEHÝR,Ýç Anadolu,1,---,2,27.110,19.517,667.325,1.052.758,,,"%87,5","%75,0",113,,"%14,2","%24,8","%60,2","9,0",,"3,0","%50,0","%87,5","%87,5",,64,17,82,25,7
2023,TOROS ÜNÝVERSÝTESÝ,Yabancý Diller Yüksekokulu,Ýngilizce Mütercim ve Tercümanlýk ,205590072,DÝL,Turkish,100,6,6,,,,MERSÝN,Akdeniz,,,,34.012,26.809,657.846,1.007.935,,,"%57,1","%42,9",186,,"%11,3","%36,6","%65,6","7,9",,"3,4","%28,6","%57,1","%100,0",,34,14,48,8,23
2022,TOROS ÜNÝVERSÝTESÝ,Yabancý Diller Yüksekokulu,Ýngilizce Mütercim ve Tercümanlýk ,205590072,DÝL,Turkish,100,6,6,,,,MERSÝN,Akdeniz,---,---,---,30.191,9.216,615.722,1.277.487,,,"%50,0","%50,0",112,,"%16,1","%44,6",84,"7,6",,"4,0","%33,3","%66,7","%100,0",,46,10,56,16,17
2021,TOROS ÜNÝVERSÝTESÝ,Yabancý Diller Yüksekokulu,Ýngilizce Mütercim ve Tercümanlýk ,205590072,DÝL,Turkish,100,5,5,,,,MERSÝN,Akdeniz,---,---,---,19.601,14.671,555.648,917.163,,,"%20,0","%80,0",86,,"%4,7","%27,9","%74,4","7,4",,"3,2","%40,0","%80,0","%100,0",,16,11,27,6,5
2023,ÝSTANBUL 29 MAYIS ÜNÝVERSÝTESÝ,Eðitim Fakültesi,Ýngilizce Öðretmenliði ,202210393,DÝL,Turkish,50,51,51,,,,ÝSTANBUL,Marmara,---,---,---,33.276,18.302,581.478,967.836,,,"%13,7","%88,2",257,,"%16,7","%58,8","%84,0","5,1",,"2,5","%31,4","%88,2","%98,0",,267,206,475,263,154
2022,ÝSTANBUL 29 MAYIS ÜNÝVERSÝTESÝ,Eðitim Fakültesi,Ýngilizce Öðretmenliði ,202210393,DÝL,Turkish,50,34,34,,,,ÝSTANBUL,Marmara,---,---,---,29.245,14.197,566.446,993.095,,,"%17,7","%91,2",550,,"%15,3","%49,8",462,"5,7",,"2,7","%35,3","%82,4","%97,1",,209,172,383,281,
2023,KAPADOKYA ÜNÝVERSÝTESÝ,Beþeri Bilimler Fakültesi,Ýngiliz Dili ve Edebiyatý,203851837,DÝL,English,100,9,9,,,,NEVÞEHÝR,Ýç Anadolu,1,---,3,37.098,23.565,594.125,911.169,,,"%90,0","%10,0",194,,"%10,8","%23,7","%64,9","8,1",,"7,4","%40,0","%40,0","%60,0",,92,24,118,66,39
2022,KAPADOKYA ÜNÝVERSÝTESÝ,Beþeri Bilimler Fakültesi,Ýngiliz Dili ve Edebiyatý,203851837,DÝL,English,100,8,8,,,,NEVÞEHÝR,Ýç Anadolu,1,---,4,34.368,20.257,644.798,767.883,,,"%87,5","%25,0",187,,"%9,6","%24,6",111,"9,3",,"7,6",%,"%25,0","%75,0",,105,23,134,66,33
2021,KAPADOKYA ÜNÝVERSÝTESÝ,Beþeri Bilimler Fakültesi,Ýngiliz Dili ve Edebiyatý,203851837,DÝL,English,100,8,8,,,,NEVÞEHÝR,Ýç Anadolu,1,---,3,30.731,23.616,456.468,661.500,,,"%100,0","%37,5",161,,"%12,4","%24,2","%57,8","9,0",,"8,5","%50,0","%50,0","%62,5",,75,31,108,53,16
2023,ÝHSAN DOÐRAMACI BÝLKENT ÜNÝVERSÝTESÝ,Ýnsani Bilimler ve Edebiyat Fakültesi,"Ýngilizce, Fransýzca Mütercim ve Tercümanlýk ",202190203,DÝL,Turkish,0,10,10,,,,ANKARA,Ýç Anadolu,---,---,---,30.740,11.640,408.817,727.229,,,"%60,0","%40,0",89,,"%9,0","%36,0","%71,9","7,6",,"3,9","%10,0","%70,0","%100,0",,27,94,121,25,10
2023,ÝSTANBUL 29 MAYIS ÜNÝVERSÝTESÝ,Edebiyat Fakültesi,Ýngilizce Mütercim ve Tercümanlýk ,202210343,DÝL,Turkish,50,34,34,,,,ÝSTANBUL,Marmara,---,---,---,30.238,14.116,517.327,960.868,,,"%20,6","%85,3",227,,"%14,5","%51,1","%81,9","5,3",,"2,4","%35,3","%91,2","%100,0",,114,178,293,134,34
2022,ÝSTANBUL 29 MAYIS ÜNÝVERSÝTESÝ,Edebiyat Fakültesi,Ýngilizce Mütercim ve Tercümanlýk ,202210343,DÝL,Turkish,50,21,21,,,,ÝSTANBUL,Marmara,---,---,---,27.750,12.623,564.056,946.516,,,"%4,8","%95,2",307,,"%11,1","%45,9",247,"6,1",,"5,6","%19,0","%52,4","%81,0",,73,143,216,103,
2021,ÝSTANBUL 29 MAYIS ÜNÝVERSÝTESÝ,Edebiyat Fakültesi,Ýngilizce Mütercim ve Tercümanlýk ,202210343,DÝL,Turkish,50,38,38,,,,ÝSTANBUL,Marmara,---,---,---,30.879,9.311,522.770,906.344,,,"%31,6","%76,3",243,,"%12,3","%48,1","%79,8","5,9",,"2,9","%26,3","%84,2","%97,4",,137,180,318,157,
2023,FATÝH SULTAN MEHMET VAKIF ÜNÝVERSÝTESÝ,Eðitim Fakültesi,Arapça Öðretmenliði ,201490082,DÝL,Turkish,100,4,4,,,,ÝSTANBUL,Marmara,1,1,1,12.471,6.496,293.769,461.734,,,"%40,0","%60,0",113,,"%8,8","%40,7","%80,5","5,7",,"2,2","%60,0","%80,0","%100,0",,20,15,35,10,26
2022,FATÝH SULTAN MEHMET VAKIF ÜNÝVERSÝTESÝ,Eðitim Fakültesi,Arapça Öðretmenliði ,201490082,DÝL,Turkish,100,5,5,,,,ÝSTANBUL,Marmara,1,1,1,19.658,5.321,573.690,679.423,,,,"%100,0",129,,"%10,1","%41,9",107,"5,9",,"1,0","%100,0","%100,0","%100,0",,8,16,24,11,20
2021,FATÝH SULTAN MEHMET VAKIF ÜNÝVERSÝTESÝ,Eðitim Fakültesi,Arapça Öðretmenliði ,201490082,DÝL,Turkish,100,5,5,,,,ÝSTANBUL,Marmara,1,1,1,---,5.029,---,---,,,"%40,0","%60,0",98,,"%18,4","%53,1","%94,9","4,2",,"1,4","%80,0","%100,0","%100,0",,10,16,26,19,10
2023,TED ÜNÝVERSÝTESÝ,Eðitim Fakültesi,Ýngilizce Öðretmenliði,206710241,DÝL,English,50,41,41,,,,ANKARA,Ýç Anadolu,---,---,---,36.289,13.591,603.535,1.165.556,,,"%46,3","%58,5",270,,"%14,1","%37,4","%71,5","7,1",,"4,3","%31,7","%56,1","%90,2",,170,195,366,202,156
2022,TED ÜNÝVERSÝTESÝ,Eðitim Fakültesi,Ýngilizce Öðretmenliði,206710241,DÝL,English,50,42,42,,,,ANKARA,Ýç Anadolu,---,---,---,35.153,10.830,558.407,1.042.593,,,"%16,7","%88,1",246,,"%13,8","%30,1",164,"8,0",,"5,9","%21,4","%38,1","%85,7",,276,222,499,239,153
2021,TED ÜNÝVERSÝTESÝ,Eðitim Fakültesi,Ýngilizce Öðretmenliði,206710241,DÝL,English,50,42,42,,,,ANKARA,Ýç Anadolu,---,---,---,24.237,10.831,510.845,1.183.560,,,"%35,7","%69,1",290,,"%12,1","%31,0","%71,0","7,5",,"4,6","%23,8","%45,2","%92,9",,219,170,393,236,103
2023,ÝSTANBUL 29 MAYIS ÜNÝVERSÝTESÝ,Eðitim Fakültesi,Arapça Öðretmenliði ,202210344,DÝL,Turkish,100,9,9,,,,ÝSTANBUL,Marmara,2,---,1,29.817,7.187,519.111,882.035,,,"%72,7","%36,4",103,,"%16,5","%45,6","%82,5","5,0",,"2,7","%54,5","%90,9","%90,9",,21,35,56,27,36
2022,ÝSTANBUL 29 MAYIS ÜNÝVERSÝTESÝ,Eðitim Fakültesi,Arapça Öðretmenliði ,202210344,DÝL,Turkish,100,6,6,,,,ÝSTANBUL,Marmara,2,---,1,12.079,6.164,364.589,617.318,,,"%50,0","%66,7",100,,"%25,0","%50,0",85,"4,6",,"1,2","%83,3","%100,0","%100,0",,26,35,61,26,19
2021,ÝSTANBUL 29 MAYIS ÜNÝVERSÝTESÝ,Eðitim Fakültesi,Arapça Öðretmenliði ,202210344,DÝL,Turkish,100,6,6,,,,ÝSTANBUL,Marmara,1,1,1,5.493,376,217.402,458.291,,,"%50,0","%83,3",95,,"%13,7","%53,7","%94,7","4,1",,"2,3","%66,7","%83,3","%100,0",,22,25,47,18,5
2023,KTO KARATAY ÜNÝVERSÝTESÝ,Yabancý Diller Yüksekokulu,Arapça Mütercim ve Tercümanlýk ,204090121,DÝL,Turkish,100,4,4,,,,KONYA,Ýç Anadolu,,,,49.189,10.757,730.689,1.136.362,,,"%20,0","%80,0",83,,"%15,7","%37,3","%77,1","6,3",,"3,2","%80,0","%80,0","%80,0",,10,4,14,7,46
2022,KTO KARATAY ÜNÝVERSÝTESÝ,Yabancý Diller Yüksekokulu,Arapça Mütercim ve Tercümanlýk ,204090121,DÝL,Turkish,100,15,15,,,,KONYA,Ýç Anadolu,---,---,---,50.896,23.651,1.221.501,2.676.552,,,"%33,3","%66,7",103,,"%26,2","%47,6",82,"5,9",,"1,5","%80,0","%93,3","%100,0",,65,22,87,34,42
2021,KTO KARATAY ÜNÝVERSÝTESÝ,Yabancý Diller Yüksekokulu,Arapça Mütercim ve Tercümanlýk ,204090121,DÝL,Turkish,100,15,15,,,,KONYA,Ýç Anadolu,---,---,---,42.536,5.138,762.654,1.578.648,,,"%20,0","%86,7",92,,"%21,7","%43,5","%78,3","6,0",,"1,5","%80,0","%93,3","%100,0",,59,19,78,23,22
2023,KTO KARATAY ÜNÝVERSÝTESÝ,Yabancý Diller Yüksekokulu,Ýngilizce Mütercim ve Tercümanlýk ,204090125,DÝL,Turkish,50,15,15,,,,KONYA,Ýç Anadolu,,,,43.037,27.694,678.854,1.030.537,,,,"%100,0",117,,"%24,8","%51,3","%81,2","6,1",,"3,5","%13,3","%66,7","%100,0",,50,25,75,41,106
2022,KTO KARATAY ÜNÝVERSÝTESÝ,Yabancý Diller Yüksekokulu,Ýngilizce Mütercim ve Tercümanlýk ,204090125,DÝL,Turkish,50,31,31,,,,KONYA,Ýç Anadolu,---,---,---,53.888,31.711,661.530,1.266.422,,,"%6,5","%96,8",128,,"%24,2","%46,9",90,"6,7",,"6,1","%29,0","%48,4","%80,6",,210,58,268,96,95
2021,KTO KARATAY ÜNÝVERSÝTESÝ,Yabancý Diller Yüksekokulu,Ýngilizce Mütercim ve Tercümanlýk ,204090125,DÝL,Turkish,50,40,40,,,,KONYA,Ýç Anadolu,---,---,---,55.720,24.987,718.134,1.360.287,,,"%7,5","%95,0",97,,"%23,7","%41,2","%73,2","6,9",,"3,8","%35,0","%62,5","%95,0",,203,109,313,111,34
2023,YEDÝTEPE ÜNÝVERSÝTESÝ,Eðitim Fakültesi,Ýngilizce Öðretmenliði,206111042,DÝL,English,50,43,43,,,,ÝSTANBUL,Marmara,---,---,---,39.975,8.316,651.906,1.495.188,,,"%32,6","%83,7",221,,"%13,6","%33,5","%74,2","6,9",,"2,7","%46,5","%81,4","%95,3",,102,279,382,231,155
2022,YEDÝTEPE ÜNÝVERSÝTESÝ,Eðitim Fakültesi,Ýngilizce Öðretmenliði,206111042,DÝL,English,50,43,43,,,,ÝSTANBUL,Marmara,---,---,---,26.621,7.617,503.182,811.235,,,"%30,2","%79,1",296,,"%13,5","%34,5",227,"7,1",,"4,6","%27,9","%58,1","%93,0",,179,248,427,287,178
2021,YEDÝTEPE ÜNÝVERSÝTESÝ,Eðitim Fakültesi,Ýngilizce Öðretmenliði,206111042,DÝL,English,50,38,38,,,,ÝSTANBUL,Marmara,---,---,---,20.968,6.843,508.616,961.221,,,"%26,3","%84,2",244,,"%15,2","%36,1","%70,1","7,3",,"4,1","%26,3","%57,9","%94,7",,178,206,384,268,139
2023,AVRASYA ÜNÝVERSÝTESÝ,Fen-Edebiyat Fakültesi,Ýngilizce Mütercim ve Tercümanlýk ,200390214,DÝL,Turkish,100,5,5,,,,TRABZON,Karadeniz,1,---,2,43.611,36.817,672.584,807.573,,,"%50,0","%50,0",208,,"%4,3","%33,2","%72,1","7,6",,"6,8","%16,7","%33,3","%83,3",,49,15,65,13,5
2023,ÝSTANBUL AYDIN ÜNÝVERSÝTESÝ,Eðitim Fakültesi,Ýngilizce Öðretmenliði,202410653,DÝL,English,50,46,46,,,,ÝSTANBUL,Marmara,---,---,---,56.588,18.255,712.943,1.083.046,,,"%8,7","%95,7",226,,"%5,3","%31,9","%76,5","6,8",,"5,1","%15,2","%47,8","%87,0",,135,369,504,281,213
2022,ÝSTANBUL AYDIN ÜNÝVERSÝTESÝ,Eðitim Fakültesi,Ýngilizce Öðretmenliði,202410653,DÝL,English,50,47,47,,,,ÝSTANBUL,Marmara,---,---,---,27.125,13.930,533.807,897.462,,,"%17,0","%87,2",460,,"%18,3","%44,8",382,"5,4",,"3,9","%34,0","%48,9","%93,6",,204,251,464,295,192
2021,ÝSTANBUL AYDIN ÜNÝVERSÝTESÝ,Eðitim Fakültesi,Ýngilizce Öðretmenliði,202410653,DÝL,English,50,42,42,,,,ÝSTANBUL,Marmara,---,---,---,25.280,11.931,581.528,1.018.005,,,"%28,6","%76,2",373,,"%13,7","%48,5","%86,6","5,1",,"3,0","%26,2","%69,0","%97,6",,212,197,411,270,185
2023,AVRASYA ÜNÝVERSÝTESÝ,Fen-Edebiyat Fakültesi,Ýngiliz Dili ve Edebiyatý ,200310412,DÝL,Turkish,100,4,4,,,,TRABZON,Karadeniz,1,---,2,39.568,35.086,873.393,1.486.878,,,"%40,0","%60,0",142,,"%6,3","%26,8","%72,5","7,6",,"3,8",%,"%60,0","%100,0",,15,5,20,11,32
2022,AVRASYA ÜNÝVERSÝTESÝ,Fen-Edebiyat Fakültesi,Ýngiliz Dili ve Edebiyatý ,200310412,DÝL,Turkish,100,6,6,,,,TRABZON,Karadeniz,1,---,2,40.412,31.065,781.811,1.042.285,,,"%33,3","%83,3",100,,"%12,0","%33,0",61,"9,2",,"6,2",%,"%66,7","%66,7",,37,10,47,20,40
2021,AVRASYA ÜNÝVERSÝTESÝ,Fen-Edebiyat Fakültesi,Ýngiliz Dili ve Edebiyatý ,200310412,DÝL,Turkish,100,6,6,,,,TRABZON,Karadeniz,1,---,2,37.859,35.797,855.255,1.246.766,,,"%66,7","%50,0",83,,"%9,6","%25,3","%63,9","8,9",,"2,7","%33,3","%83,3","%100,0",,82,24,106,97,55
2023,YEDÝTEPE ÜNÝVERSÝTESÝ,Fen-Edebiyat Fakültesi,Çeviribilimi,206190364,DÝL,English,50,70,70,,,,ÝSTANBUL,Marmara,---,---,---,39.080,8.474,609.080,1.475.947,,,"%41,4","%81,4",187,,"%20,9","%46,5","%82,9","5,2",,"2,7","%40,0","%77,1","%98,6",,157,384,552,123,316
2022,YEDÝTEPE ÜNÝVERSÝTESÝ,Fen-Edebiyat Fakültesi,Çeviribilimi,206190364,DÝL,English,50,70,70,,,,ÝSTANBUL,Marmara,---,---,---,23.904,5.449,424.796,793.840,,,"%40,0","%75,7",370,,"%14,9","%43,8",289,"6,3",,"3,9","%18,6","%65,7","%94,3",,256,347,606,149,324
2021,YEDÝTEPE ÜNÝVERSÝTESÝ,Fen-Edebiyat Fakültesi,Çeviribilimi,206190364,DÝL,English,50,70,70,,,,ÝSTANBUL,Marmara,---,---,---,25.233,4.288,558.478,1.411.002,,,"%30,0","%78,6",276,,"%18,8","%47,5","%85,5","5,4",,"3,0","%28,6","%67,1","%100,0",,152,343,496,139,258
2023,TOBB EKONOMÝ VE TEKNOLOJÝ ÜNÝVERSÝTESÝ,Fen-Edebiyat Fakültesi,Ýngiliz Dili ve Edebiyatý,205410495,DÝL,English,50,30,30,,,,ANKARA,Ýç Anadolu,---,---,---,45.797,22.996,827.560,2.497.233,,,"%16,7","%83,3",235,,"%7,7","%22,6","%68,9","7,8",,"4,5","%20,0","%46,7","%90,0",,127,176,307,128,114
2022,TOBB EKONOMÝ VE TEKNOLOJÝ ÜNÝVERSÝTESÝ,Fen-Edebiyat Fakültesi,Ýngiliz Dili ve Edebiyatý,205410495,DÝL,English,50,32,32,,,,ANKARA,Ýç Anadolu,---,---,---,41.980,19.265,649.341,1.211.035,,,"%34,4","%81,3",263,,"%6,8","%25,5",184,"8,0",,"5,5","%21,9","%46,9","%81,3",,100,235,341,174,102
2021,TOBB EKONOMÝ VE TEKNOLOJÝ ÜNÝVERSÝTESÝ,Fen-Edebiyat Fakültesi,Ýngiliz Dili ve Edebiyatý,205410495,DÝL,English,50,32,32,,,,ANKARA,Ýç Anadolu,---,---,---,37.140,17.355,691.697,1.345.917,,,"%28,1","%78,1",252,,"%8,7","%25,8","%77,4","7,2",,"4,6","%15,6","%37,5","%93,8",,98,186,284,150,84
2023,YAÞAR ÜNÝVERSÝTESÝ,Ýnsan ve Toplum Bilimleri Fakültesi,Ýngiliz Dili ve Edebiyatý,206010063,DÝL,English,50,46,46,,,,ÝZMÝR,Ege,---,---,---,39.316,11.855,679.300,1.457.719,,,"%8,7","%100,0",203,,"%10,8","%33,5","%74,4","6,5",,"3,8","%23,9","%60,9","%93,5",,213,140,356,143,160
2022,YAÞAR ÜNÝVERSÝTESÝ,Ýnsan ve Toplum Bilimleri Fakültesi,Ýngiliz Dili ve Edebiyatý,206010063,DÝL,English,50,44,44,,,,ÝZMÝR,Ege,---,---,---,37.446,17.021,644.688,1.088.834,,,"%11,4","%95,5",249,,"%10,8","%30,9",175,"7,3",,"5,4","%11,4","%45,5","%88,6",,254,137,392,187,128
2021,YAÞAR ÜNÝVERSÝTESÝ,Ýnsan ve Toplum Bilimleri Fakültesi,Ýngiliz Dili ve Edebiyatý,206010063,DÝL,English,50,38,38,,,,ÝZMÝR,Ege,---,---,---,38.265,14.765,730.202,1.375.300,,,"%26,3","%86,8",160,,"%11,9","%30,0","%73,8","7,3",,"4,6","%23,7","%47,4","%92,1",,202,123,325,168,71
2023,KAPADOKYA ÜNÝVERSÝTESÝ,Uygulamalý Bilimler Yüksekokulu,Turizm Rehberliði ,203852041,DÝL,Turkish,100,5,5,,,,NEVÞEHÝR,Ýç Anadolu,---,1,2,44.307,37.793,971.513,1.808.882,,,"%66,7","%66,7",141,,"%14,2","%36,9","%71,6","6,9",,"4,5","%16,7","%50,0","%100,0",,44,14,58,6,6
2023,BAÞKENT ÜNÝVERSÝTESÝ,Eðitim Fakültesi,Ýngilizce Öðretmenliði ,200610084,DÝL,Turkish,50,41,41,,,,ANKARA,Ýç Anadolu,---,---,---,48.353,19.679,659.629,1.447.309,,,"%51,2","%56,1",220,,"%9,5","%30,0","%74,5","6,9",,"3,8","%29,3","%56,1","%97,6",,202,229,433,210,140
2022,BAÞKENT ÜNÝVERSÝTESÝ,Eðitim Fakültesi,Ýngilizce Öðretmenliði ,200610084,DÝL,Turkish,50,41,41,,,,ANKARA,Ýç Anadolu,---,---,---,33.713,11.893,513.444,1.436.676,,,"%58,5","%58,5",285,,"%7,4","%33,0",198,"7,9",,"5,4","%12,2","%43,9","%85,4",,366,172,541,319,136
2021,BAÞKENT ÜNÝVERSÝTESÝ,Eðitim Fakültesi,Ýngilizce Öðretmenliði ,200610084,DÝL,Turkish,50,35,35,,,,ANKARA,Ýç Anadolu,---,---,---,27.749,10.176,629.028,1.244.660,,,"%48,6","%65,7",347,,"%11,0","%30,0","%70,0","7,8",,"5,0","%22,9","%48,6","%88,6",,206,132,339,235,107
2023,ÝSTANBUL 29 MAYIS ÜNÝVERSÝTESÝ,Edebiyat Fakültesi,Ýngiliz Dili ve Edebiyatý,202210349,DÝL,English,50,38,38,,,,ÝSTANBUL,Marmara,---,---,---,43.296,19.146,651.309,1.099.332,,,"%10,5","%94,7",253,,"%15,0","%47,4","%83,0","5,6",,"2,5","%34,2","%89,5","%97,4",,155,165,320,160,105
2022,ÝSTANBUL 29 MAYIS ÜNÝVERSÝTESÝ,Edebiyat Fakültesi,Ýngiliz Dili ve Edebiyatý,202210349,DÝL,English,50,38,38,,,,ÝSTANBUL,Marmara,---,---,---,44.366,16.821,703.360,1.192.075,,,"%31,6","%89,5",410,,"%6,8","%37,3",313,"6,8",,"3,6","%7,9","%76,3","%92,1",,149,193,342,165,70
2021,ÝSTANBUL 29 MAYIS ÜNÝVERSÝTESÝ,Edebiyat Fakültesi,Ýngiliz Dili ve Edebiyatý,202210349,DÝL,English,50,34,34,,,,ÝSTANBUL,Marmara,---,---,---,51.063,20.782,711.227,1.216.538,,,"%26,5","%82,4",165,,"%12,1","%52,7","%80,0","5,6",,"2,4","%23,5","%94,1","%97,1",,147,251,402,226,
2023,BAÞKENT ÜNÝVERSÝTESÝ,Fen-Edebiyat Fakültesi,Ýngilizce Mütercim ve Tercümanlýk ,200690491,DÝL,Turkish,50,36,36,,,,ANKARA,Ýç Anadolu,---,---,---,49.388,16.581,731.601,1.361.260,,,"%36,1","%63,9",198,,"%9,1","%23,7","%73,7","7,3",,"4,8","%25,0","%47,2","%91,7",,106,228,339,129,100
2022,BAÞKENT ÜNÝVERSÝTESÝ,Fen-Edebiyat Fakültesi,Ýngilizce Mütercim ve Tercümanlýk ,200690491,DÝL,Turkish,50,32,32,,,,ANKARA,Ýç Anadolu,---,---,---,26.548,13.296,504.613,779.941,,,"%37,5","%75,0",273,,"%8,8","%24,5",190,"8,0",,"6,8","%9,4","%34,4","%75,0",,144,220,364,166,72
2021,BAÞKENT ÜNÝVERSÝTESÝ,Fen-Edebiyat Fakültesi,Ýngilizce Mütercim ve Tercümanlýk ,200690491,DÝL,Turkish,50,23,23,,,,ANKARA,Ýç Anadolu,---,---,---,25.961,10.801,605.936,1.138.562,,,"%43,5","%69,6",210,,"%7,6","%31,9","%70,5","7,4",,"5,0","%13,0","%39,1","%91,3",,67,99,168,94,23
2023,YEDÝTEPE ÜNÝVERSÝTESÝ,Fen-Edebiyat Fakültesi,Ýngiliz Dili ve Edebiyatý,206111112,DÝL,English,50,55,55,,,,ÝSTANBUL,Marmara,---,---,---,75.281,11.959,825.038,1.579.826,,,"%20,0","%81,8",252,,"%8,3","%30,2","%73,8","6,9",,"3,3","%34,5","%69,1","%98,2",,168,426,594,234,223
2022,YEDÝTEPE ÜNÝVERSÝTESÝ,Fen-Edebiyat Fakültesi,Ýngiliz Dili ve Edebiyatý,206111112,DÝL,English,50,55,55,,,,ÝSTANBUL,Marmara,---,---,---,29.286,5.790,534.225,1.047.706,,,"%25,5","%87,3",475,,"%9,3","%32,8",338,"7,4",,"4,6","%16,4","%49,1","%87,3",,180,302,483,250,247
2021,YEDÝTEPE ÜNÝVERSÝTESÝ,Fen-Edebiyat Fakültesi,Ýngiliz Dili ve Edebiyatý,206111112,DÝL,English,50,55,55,,,,ÝSTANBUL,Marmara,---,---,---,32.435,6.652,652.517,1.380.505,,,"%21,8","%83,6",370,,"%9,5","%36,2","%81,6","6,2",,"3,2","%16,4","%74,5","%96,4",,125,315,441,205,213
2023,ÝSTANBUL YENÝ YÜZYIL ÜNÝVERSÝTESÝ,Fen-Edebiyat Fakültesi,Ýngilizce Mütercim ve Tercümanlýk ,206290199,DÝL,Turkish,50,46,46,,,,ÝSTANBUL,Marmara,---,---,---,50.537,19.811,817.931,1.651.759,,,"%15,2","%95,7",382,,"%12,8","%48,7","%83,5","5,7",,"2,7","%37,0","%93,5","%93,5",,156,260,416,195,134
2022,ÝSTANBUL YENÝ YÜZYIL ÜNÝVERSÝTESÝ,Fen-Edebiyat Fakültesi,Ýngilizce Mütercim ve Tercümanlýk ,206290199,DÝL,Turkish,50,38,38,,,,ÝSTANBUL,Marmara,---,---,---,50.059,19.597,726.222,1.329.852,,,"%5,3","%97,4",706,,"%12,2","%43,1",548,"7,3",,"3,3","%21,1","%76,3","%97,4",,92,264,356,172,93
2021,ÝSTANBUL YENÝ YÜZYIL ÜNÝVERSÝTESÝ,Fen-Edebiyat Fakültesi,Ýngilizce Mütercim ve Tercümanlýk ,206290199,DÝL,Turkish,50,42,28,,,,ÝSTANBUL,Marmara,---,---,---,69.529,36.270,947.723,1.570.004,,,"%46,4","%60,7",211,,"%2,4","%14,7","%68,7","7,9",,"4,5","%17,9","%53,6","%89,3",,31,237,272,145,42
2023,BÝRUNÝ ÜNÝVERSÝTESÝ,Eðitim Fakültesi,Ýngilizce Öðretmenliði ,207650943,DÝL,Turkish,50,46,46,,,,ÝSTANBUL,Marmara,---,---,---,66.455,16.799,702.140,1.735.955,,,"%28,3","%80,4",192,,"%17,7","%41,1","%77,6","6,3",,"2,0","%63,0","%89,1","%97,8",,117,332,453,187,186
2022,BÝRUNÝ ÜNÝVERSÝTESÝ,Eðitim Fakültesi,Ýngilizce Öðretmenliði ,207650943,DÝL,Turkish,50,47,47,,,,ÝSTANBUL,Marmara,---,---,---,38.489,19.679,689.408,1.954.954,,,"%19,2","%87,2",345,,"%19,1","%50,4",275,"5,8",,"2,8","%42,6","%85,1","%93,6",,196,260,465,280,183
2021,BÝRUNÝ ÜNÝVERSÝTESÝ,Eðitim Fakültesi,Ýngilizce Öðretmenliði ,207650943,DÝL,Turkish,50,42,42,,,,ÝSTANBUL,Marmara,---,---,---,36.105,15.585,655.998,1.451.217,,,"%45,2","%69,1",297,,"%24,9","%48,8","%80,1","5,9",,"1,6","%64,3","%92,9","%100,0",,169,209,381,254,105
2023,ÝZMÝR EKONOMÝ ÜNÝVERSÝTESÝ,Fen-Edebiyat Fakültesi,Ýngilizce Mütercim ve Tercümanlýk ,203590169,DÝL,Turkish,25,55,55,,,,ÝZMÝR,Ege,---,---,---,47.989,5.057,673.575,1.532.443,,,"%34,6","%83,6",220,,"%15,9","%39,5","%77,3","6,4",,"3,8","%30,9","%61,8","%92,7",,186,240,440,226,181
2022,ÝZMÝR EKONOMÝ ÜNÝVERSÝTESÝ,Fen-Edebiyat Fakültesi,Ýngilizce Mütercim ve Tercümanlýk ,203590169,DÝL,Turkish,25,55,55,,,,ÝZMÝR,Ege,---,---,---,47.894,5.898,668.056,1.306.407,,,"%41,8","%72,7",226,,"%10,2","%31,4",162,"7,3",,"4,7","%16,4","%49,1","%90,9",,192,317,511,243,136
2021,ÝZMÝR EKONOMÝ ÜNÝVERSÝTESÝ,Fen-Edebiyat Fakültesi,Ýngilizce Mütercim ve Tercümanlýk ,203590169,DÝL,Turkish,25,43,43,,,,ÝZMÝR,Ege,---,---,---,38.543,8.537,626.180,1.405.790,,,"%30,2","%90,7",173,,"%13,9","%34,7","%75,1","6,7",,"3,9","%20,9","%51,2","%95,3",,138,164,302,183,39
2023,YEDÝTEPE ÜNÝVERSÝTESÝ,Fen-Edebiyat Fakültesi,Ýngiliz Dili ve Edebiyatý,206110195,DÝL,English,0,4,4,,,,ÝSTANBUL,Marmara,---,---,---,109.635,38.803,1.395.302,1.653.101,,,"%25,0","%75,0",66,,"%3,0","%13,6","%56,1","9,2",,"2,0","%50,0","%75,0","%100,0",,9,38,47,15,37
2022,YEDÝTEPE ÜNÝVERSÝTESÝ,Fen-Edebiyat Fakültesi,Ýngiliz Dili ve Edebiyatý,206110195,DÝL,English,0,4,4,,,,ÝSTANBUL,Marmara,---,---,---,36.743,30.857,951.920,1.132.399,,,"%25,0","%100,0",81,,"%1,2","%19,8",52,"9,5",,"3,0",%,"%75,0","%100,0",,---,28,28,10,35
2021,YEDÝTEPE ÜNÝVERSÝTESÝ,Fen-Edebiyat Fakültesi,Ýngiliz Dili ve Edebiyatý,206110195,DÝL,English,0,4,4,,,,ÝSTANBUL,Marmara,---,---,---,37.653,26.489,814.962,1.166.973,,,"%25,0","%75,0",74,,"%1,4","%16,2","%71,6","8,0",,"4,0",%,"%50,0","%100,0",,5,47,52,16,32
2023,ÜSKÜDAR ÜNÝVERSÝTESÝ,Ýnsan ve Toplum Bilimleri Fakültesi,Ýngilizce Mütercim ve Tercümanlýk ,206552534,DÝL,Turkish,50,51,51,,,,ÝSTANBUL,Marmara,---,---,---,44.950,16.399,727.004,1.661.059,,,"%11,8","%94,1",389,,"%11,1","%39,3","%80,2","6,1",,"2,7","%31,4","%82,4","%98,0",,157,325,482,254,121
2022,ÜSKÜDAR ÜNÝVERSÝTESÝ,Ýnsan ve Toplum Bilimleri Fakültesi,Ýngilizce Mütercim ve Tercümanlýk ,206552534,DÝL,Turkish,50,42,42,,,,ÝSTANBUL,Marmara,---,---,---,43.707,21.676,741.125,1.556.010,,,"%9,5","%95,2",761,,"%11,3","%38,6",584,"6,8",,"3,3","%11,9","%73,8","%95,2",,101,225,326,140,74
2021,ÜSKÜDAR ÜNÝVERSÝTESÝ,Ýnsan ve Toplum Bilimleri Fakültesi,Ýngilizce Mütercim ve Tercümanlýk ,206552534,DÝL,Turkish,50,34,34,,,,ÝSTANBUL,Marmara,---,---,---,60.229,21.230,868.578,1.566.863,,,"%23,5","%88,2",228,,"%4,4","%23,7","%75,4","7,2",,"3,7","%20,6","%64,7","%97,1",,99,280,380,169,
2023,HASAN KALYONCU ÜNÝVERSÝTESÝ,Eðitim Fakültesi,Ýngilizce Öðretmenliði,201610848,DÝL,English,25,25,25,,,,GAZÝANTEP,Güneydoðu Anadolu,---,---,---,59.326,38.227,807.858,1.880.678,,,"%44,0","%80,0",128,,"%14,1","%39,1","%75,0","7,4",,"6,0","%16,0","%56,0","%80,0",,204,99,314,187,99
2022,HASAN KALYONCU ÜNÝVERSÝTESÝ,Eðitim Fakültesi,Ýngilizce Öðretmenliði,201610848,DÝL,English,25,24,24,,,,GAZÝANTEP,Güneydoðu Anadolu,---,---,---,43.349,22.374,622.522,1.216.860,,,"%29,2","%79,2",108,,"%12,0","%47,2",82,"7,5",,"5,6","%4,2","%62,5","%79,2",,189,87,280,170,108
2021,HASAN KALYONCU ÜNÝVERSÝTESÝ,Eðitim Fakültesi,Ýngilizce Öðretmenliði,201610848,DÝL,English,25,22,22,,,,GAZÝANTEP,Güneydoðu Anadolu,---,---,---,31.720,22.312,561.560,1.063.269,,,"%54,5","%63,6",144,,"%9,0","%43,1","%77,8","6,8",,"6,2","%4,5","%50,0","%86,4",,110,59,179,154,112
2023,YAÞAR ÜNÝVERSÝTESÝ,Ýnsan ve Toplum Bilimleri Fakültesi,Ýngilizce Mütercim ve Tercümanlýk ,206090362,DÝL,Turkish,25,35,35,,,,ÝZMÝR,Ege,---,---,---,55.207,24.746,938.093,2.253.772,,,"%28,6","%85,7",189,,"%9,5","%37,6","%82,0","5,9",,"3,9","%28,6","%54,3","%97,1",,145,143,298,130,100
2022,YAÞAR ÜNÝVERSÝTESÝ,Ýnsan ve Toplum Bilimleri Fakültesi,Ýngilizce Mütercim ve Tercümanlýk ,206090362,DÝL,Turkish,25,32,32,,,,ÝZMÝR,Ege,---,---,---,49.861,17.094,771.520,1.479.572,,,"%21,9","%93,8",215,,"%10,7","%30,2",144,"7,5",,"4,5","%28,1","%53,1","%90,6",,138,156,300,136,74
2021,YAÞAR ÜNÝVERSÝTESÝ,Ýnsan ve Toplum Bilimleri Fakültesi,Ýngilizce Mütercim ve Tercümanlýk ,206090362,DÝL,Turkish,25,27,27,,,,ÝZMÝR,Ege,---,---,---,45.595,17.353,851.042,1.453.432,,,"%37,0","%81,5",133,,"%9,0","%33,8","%75,2","7,2",,"4,4","%18,5","%44,4","%88,9",,93,154,251,151,26
2023,TED ÜNÝVERSÝTESÝ,Fen-Edebiyat Fakültesi,Ýngiliz Dili ve Edebiyatý,206710438,DÝL,English,50,47,47,,,,ANKARA,Ýç Anadolu,---,---,---,51.564,10.009,815.823,2.710.222,,,"%23,4","%80,9",279,,"%8,2","%29,4","%71,0","7,6",,"4,7","%21,3","%57,4","%87,2",,179,245,432,206,176
2022,TED ÜNÝVERSÝTESÝ,Fen-Edebiyat Fakültesi,Ýngiliz Dili ve Edebiyatý,206710438,DÝL,English,50,52,52,,,,ANKARA,Ýç Anadolu,---,---,---,49.188,18.046,726.101,1.818.934,,,"%19,2","%88,5",318,,"%6,0","%26,1",208,"8,4",,"5,1","%7,7","%50,0","%88,5",,195,337,532,245,162
